Rule No #,Path,Terminologi Used,Deskripsi Error,Last Update,Version,,
20002,-,Found duplicate resource: {Nama Resource},Terjadi duplikasi data pada saat pengiriman resource.Pastikan setiap resource yang dikirim memiliki identifier unik dan belum pernah diregistrasikan sebelumnya.,31 Oktober 2025,v1.1,,
20003,-,Failed to get permission for client for resource type,Client ID Anda tidak memiliki scope akses untuk resource yang diminta (misalnya read:Patient atau write:Encounter). Periksa kembali konfigurasi token dan scope di OAuth Client Configuration SATUSEHAT Developer Portal.,31 Oktober 2025,v1.1,,
20004,-,Resource {Resource Type} is not allowed for current access class,"Jenis organisasi Anda (contoh: Klinik, Laboratorium, RS) tidak diizinkan untuk memproses resource tertentu. Misalnya, Laboratorium tidak dapat membuat Encounter. Sesuaikan penggunaan resource dengan peran organisasi di Master Organization Registry.",31 Oktober 2025,v1.1,,
20005,-,Failed to read request payload,Server gagal membaca payload karena format JSON tidak sesuai. Cek kembali struktur dan encoding file sebelum dikirim melalui endpoint.,31 Oktober 2025,v1.1,,
20006,-,Invalid JSON Payload Format,"Struktur JSON tidak valid. Periksa tanda baca (koma, kurung, atau kutip) dan pastikan formatnya sesuai dengan contoh pada Postman Collection SATUSEHAT API.",31 Oktober 2025,v1.1,,
20007,-,Resource not found {Resource Type}/{Resource ID},ID resource yang diminta tidak ditemukan di FHIR Store SATUSEHAT. Pastikan ID tersebut benar dan sudah tersimpan melalui proses registrasi sebelumnya.,31 Oktober 2025,v1.1,,
20008,-,Failed to unmarshal request payload,Payload valid secara JSON tetapi tidak sesuai dengan struktur FHIR yang diharapkan. Misalnya field valueInteger dikirim dalam format string. Cek kembali tipe data berdasarkan FHIR Resource Definition.,31 Oktober 2025,v1.1,,
20009,-,Please provide Client ID,Client ID tidak ditemukan pada request. Pastikan parameter client_id dikirimkan saat proses autentikasi (/auth/token) atau saat pemanggilan API yang memerlukan otorisasi.,31 Oktober 2025,v1.1,,
20010,-,Can't get Client public key,Public key yang terkait dengan Client ID tidak dapat ditemukan di sistem. Pastikan public key sudah diregistrasikan di halaman konfigurasi Client di Developer Portal agar proses signature verification dapat berjalan.,31 Oktober 2025,v1.1,,
20011,-,Forbidden nested bundle,FHIR tidak mengizinkan adanya Bundle di dalam Bundle. Pastikan struktur pengiriman resource tidak bersarang; setiap Bundle hanya boleh berisi resource-level entries.,31 Oktober 2025,v1.1,,
20012,-,Forbidden resource {Resource Type}  due to previous error,"Dalam transaksi Bundle, resource berikutnya tidak dapat diproses karena resource sebelumnya gagal divalidasi. Perbaiki resource awal yang gagal agar dependensi dapat berjalan.",31 Oktober 2025,v1.1,,
20013,-,Invalid resource {Resource Type} due to previous error,"Kesalahan lanjutan pada rule Number 20012, di mana resource bergantung pada resource yang gagal sebelumnya dalam satu Bundle.",31 Oktober 2025,v1.1,,
20014,-,Everything search is not supported for resource {Resource Type},Parameter $everything belum diaktifkan untuk resource tersebut. Saat ini fitur ini hanya tersedia untuk resource tertentu,31 Oktober 2025,v1.1,,
20015,-,"Ops Portal Organization can only edit name, birthdate, gender, address, deceasedBoolean. Please remove attribute: {Attribute list}","Akses Anda terbatas pada atribut tertentu. Misalnya hanya dapat mengubah nama, tanggal lahir, atau alamat pasien. Hapus atribut lain yang tidak diizinkan dari request.",31 Oktober 2025,v1.1,,
20016,-,Organization not allowed to edit Patient,Fasyankes tidak memiliki izin untuk mengubah data pasien. Akses pengeditan hanya diberikan kepada pihak yang berwenang,31 Oktober 2025,v1.1,,
20017,-,Invalid element {Resource Type}.fullUrl due to invalid fullUrl format. It must be in the format: 'urn:uuid:{{uuid_value}}.{UUID},"Format fullUrl tidak valid. Nilai fullUrl harus mengikuti format yang benar, yaitu urn:uuid:{{uuid_value}}.",31 Oktober 2025,v1.1,,
20018,-,Invalid element {Resource Type}.fullUrl due to invalid fullUrl format. It must begin with 'urn:uuid'.{UUID},Format fullUrl tidak sesuai. Setiap fullUrl wajib diawali dengan awalan urn:uuid agar dapat direferensikan secara internal antar resource di dalam Bundle.,31 Oktober 2025,v1.1,,
20019,-,Invalid element {Resource Type}.fullUrl due to invalid UUID format,"Format elemen fullUrl salah. Gunakan format standar:

""fullUrl"": ""urn:uuid:{UUID}""


UUID ini digunakan sebagai referensi internal antar-resource dalam satu Bundle.",31 Oktober 2025,v1.1,,
20020,-,Invalid element {Resource Type}.fullUrl due to duplicate fullUrl: {Full URL String},fullUrl tidak boleh sama dalam satu Bundle. Pastikan setiap resource memiliki urn:uuid unik.,31 Oktober 2025,v1.1,,
20021,-,Invalid resource {Resource Type} due to missing fullUrl element,"Setiap resource dalam transaksi Bundle wajib memiliki fullUrl. Tanpa elemen ini, sistem tidak dapat melakukan referensi antar-resource (misal antara Encounter dan Practitioner).",31 Oktober 2025,v1.1,,
10228,Account.coverage,not null,Data harus terisi (tidak boleh kosong),14 Maret 2024,v1.0,,
10228,Account.coverage.coverage,Reference ke Coverage,Referensi pada elemen Account.coverage.coverage harus mengarah ke resource Coverage.,10 Desember 2025,v2.0,,
10777,Account.guarantor.party,"Reference ke Patient, Related Person, Organization","Referensi pada elemen Account.guarantor.party harus mengarah ke resource Patient, Related Person, Organization.",10 Desember 2025,v2.0,,
10225,Account.name,not null,Data harus terisi (tidak boleh kosong),14 Maret 2024,v1.0,,
10229,Account.owner,not null,Data harus terisi (tidak boleh kosong),14 Maret 2024,v1.0,,
10229,Account.owner,Reference ke Organization,Referensi pada elemen Account.owner harus mengarah ke resource Organization.,10 Desember 2025,v2.0,,
10289,Account.servicePeriod.end,not null,Data harus terisi (tidak boleh kosong),14 Maret 2024,v1.0,,
10227,Account.servicePeriod.start,not null,Data harus terisi (tidak boleh kosong),14 Maret 2024,v1.0,,
10226,Account.subject,Reference ke Patient,Referensi pada elemen Account.subject harus mengarah ke resource Patient.,10 Desember 2025,v2.0,,
10075,AllergyIntolerance.category,http://hl7.org/fhir/allergy-intolerance-category,"Data harus menggunakan codesystem yang sesuai, lihat Dokumen Lampiran Standar Terminologi SATUSEHAT Lihat sub-bab AllergyIntolerance.category",14 Maret 2024,v1.0,,
10076,AllergyIntolerance.clinicalStatus,http://terminology.hl7.org/CodeSystem/allergyintolerance-clinical,"Data harus menggunakan codesystem yang sesuai, lihat Dokumen Lampiran Standar Terminologi SATUSEHAT Lihat sub-bab AllergyIntolerance.clinicalStatus",14 Maret 2024,v1.0,,
10078,AllergyIntolerance.code,"http://snomed.info/sct
http://sys-ids.kemkes.go.id/kfa
http://terminology.kemkes.go.id/CodeSystem/clinical-term","Data harus menggunakan codesystem yang sesuai, lihat Dokumen Lampiran Standar Terminologi SATUSEHAT Lihat sub-bab AllergyIntolerance.code",14 Maret 2024,v1.0,,
10078,AllergyIntolerance.code,not null,Data harus terisi (tidak boleh kosong),14 Maret 2024,v1.0,,
10077,AllergyIntolerance.criticality,http://hl7.org/fhir/allergy-intolerance-criticality,"Data harus menggunakan codesystem yang sesuai, lihat Dokumen Lampiran Standar Terminologi SATUSEHAT Lihat sub-bab AllergyIntolerance.criticality",14 Maret 2024,v1.0,,
10374,AllergyIntolerance.encounter,"Encounter/{id-resource-Encounter}""",Path AllergyIntolerance.encounter wajib diisi dan merujuk pada data Encounter dan {id-resource-Encounter} adalah nomor ID Encounter yang didapatkan dari server ketika melakukan POST data encounter,14 Maret 2024,v1.0,,
10443,AllergyIntolerance.identifier,http://sys-ids.kemkes.go.id/allergy/{{org-id}} ,Data harus menggunakan codesystem http://sys-ids.kemkes.go.id/allergy/{{org-id}} dengan {{org-id}} adalah Organization ID faskes,14 Maret 2024,v1.0,,
10147,AllergyIntolerance.patient,not null,Data harus terisi (tidak boleh kosong),14 Maret 2024,v1.0,,
10358,AllergyIntolerance.recordedDate,dateTime,Data harus menggunakan format datetime YYYY-MM-DDThh:mm:ss+00:00,14 Maret 2024,v1.0,,
10375,AllergyIntolerance.recorder,Practitioner/{practitioner-ihs-number},Path AllergyIntolerance.recorder wajib terisi dengan Reference yang merujuk pada data Practitioner dan {practitioner-ihs-number} adalah nomor ID tenaga kesehatan yang didapatkan dari Master Nakes Indeks.,14 Maret 2024,v1.0,,
10079,AllergyIntolerance.verificationStatus,http://terminology.hl7.org/CodeSystem/allergyintolerance-verification,"Data harus menggunakan codesystem yang sesuai, lihat Dokumen Lampiran Standar Terminologi SATUSEHAT Lihat sub-bab AllergyIntolerance.verificationStatus",14 Maret 2024,v1.0,,
10382,CarePlan.author,"""Practitioner/{practitioner-ihs-number}""",Path CarePlan.author wajib terisi dengan Reference yang merujuk pada data Practitioner dan {practitioner-ihs-number} adalah nomor ID tenaga kesehatan yang didapatkan dari Master Nakes Indeks.,14 Maret 2024,v1.0,,
10330,CarePlan.category,"http://terminology.kemkes.go.id/CodeSystem/care-plan-category 
http://snomed.info/sct","Data harus menggunakan codesystem yang sesuai, lihat Dokumen Lampiran Standar Terminologi SATUSEHAT Lihat sub-bab CarePlan.category",14 Maret 2024,v1.0,,
10324,CarePlan.created,Validasi format nilai timestamp dengan menggunakan format (YYYY-MM-DD HH:MM:SS UTC),Data harus menggunakan format datetime,14 Maret 2024,v1.0,,
10328,CarePlan.description,,Path CarePlan.description wajib dikirimkan saat mengirim resouce CarePlan,14 Maret 2024,v1.0,,
10381,CarePlan.encounter,"""Encounter/{id-resource-Encounter}""","Path CarePlan.encounter wajib terisi dengan Reference yang merujuk pada data Encounter dan {id-resource-Encounter} adalah nomor ID Encounter yang didapatkan dari server ketika melakukan POST data encounter
",14 Maret 2024,v1.0,,
10116,CarePlan.intent,http://hl7.org/fhir/ValueSet/care-plan-intent,"Data harus menggunakan codesystem yang sesuai, lihat Dokumen Lampiran Standar Terminologi SATUSEHAT Lihat sub-bab CarePlan.intent",14 Maret 2024,v1.0,,
10116,CarePlan.intent,http://hl7.org/fhir/request-intent,Nilai pada elemen CarePlan.intent harus sesuai dengan sistem http://hl7.org/fhir/request-intent.,10 Desember 2025,v2.0,,
10115,CarePlan.status,http://hl7.org/fhir/ValueSet/request-status,"Data harus menggunakan codesystem yang sesuai, lihat Dokumen Lampiran Standar Terminologi SATUSEHAT Lihat sub-bab CarePlan.status",14 Maret 2024,v1.0,,
10115,CarePlan.status,http://hl7.org/fhir/request-status,Nilai pada elemen CarePlan.status harus sesuai dengan sistem http://hl7.org/fhir/request-status.,10 Desember 2025,v2.0,,
10380,CarePlan.subject ,"""Patient/{patient-ihs-number}""","Path CarePlan.subject wajib terisi dengan Reference yang merujuk pada data Patient dan {patient-ihs-number} adalah nomor ID Patient yang didapatkan dari Master Patient Index
",14 Maret 2024,v1.0,,
10329,CarePlan.title,-,Path CarePlan.title wajib terisi saat mengirim resource CarePlan dengan nama rencana perawatan dalam bentuk string.,14 Maret 2024,v1.0,,
10222,ChargeItem.account,Reference ke Account,Referensi pada elemen ChargeItem.account harus mengarah ke resource Account.,10 Desember 2025,v2.0,,
10218,ChargeItem.context,Reference ke Encounter,Referensi pada elemen ChargeItem.context harus mengarah ke resource Encounter.,10 Desember 2025,v2.0,,
10785,ChargeItem.performer.actor,Reference to Practitioner,Referensi pada elemen ChargeItem.performer.actor harus mengarah ke resource Practitioner.,10 Desember 2025,v2.0,,
10681,ChargeItem.performer.function,http://snomed.info/sct,Nilai pada elemen ChargeItem.performer.function harus diisi menggunakan kode yang valid dari sistem terminologi http://snomed.info/sct.,10 Desember 2025,v2.0,,
10681,ChargeItem.performer.function,http://terminology.kemkes.go.id,"Data harus menggunakan codesystem yang sesuai, lihat Dokumen Lampiran Standar Terminologi SATUSEHAT Lihat sub-bab ChargeItem.performer.function",10 Desember 2025,v2.0,,
10217,ChargeItem.subject,Reference ke Patient,Referensi pada elemen ChargeItem.subject harus mengarah ke resource Patient.,10 Desember 2025,v2.0,,
10246,Claim.enterer,Reference ke Practitioner,Referensi pada elemen Claim.enterer harus mengarah ke resource Practitioner.,10 Desember 2025,v2.0,,
10253,Claim.facility,Reference ke Location,Referensi pada elemen Claim.facility harus mengarah ke resource Location.,10 Desember 2025,v2.0,,
10264,Claim.insurance.coverage,Reference ke Coverage,Referensi pada elemen Claim.insurance.coverage harus mengarah ke resource Coverage.,10 Desember 2025,v2.0,,
10247,Claim.insurer,Reference ke Organization,Referensi pada elemen Claim.insurer harus mengarah ke resource Organization.,10 Desember 2025,v2.0,,
10619,Claim.item.productOrService,http://terminology.kemkes.go.id/CodeSystem/kptl,"Data harus menggunakan codesystem yang sesuai, lihat Dokumen Lampiran Standar Terminologi SATUSEHAT Lihat sub-bab  Claim.item.productOrService h",10 Desember 2025,v2.0,,
10619,Claim.item.productOrService,http://sys-ids.kemkes.go.id/kfa,Data harus menggunakan Kode Claim.item.productOrService dapat diisi dengan kode KFA sesuai dengan use case masing-masing. Untuk keterangan lebih lanjut dapat melihat dalam playbook masing-masing usecase.,10 Desember 2025,v2.0,,
10243,Claim.patient,Reference ke Patient,Referensi pada elemen Claim.patient harus mengarah ke resource Patient.,10 Desember 2025,v2.0,,
10252,Claim.payee.party,Reference ke Organization,Referensi pada elemen Claim.payee.party harus mengarah ke resource Organization.,10 Desember 2025,v2.0,,
10248,Claim.provider,Reference ke Organization,Referensi pada elemen Claim.provider harus mengarah ke resource Organization.,10 Desember 2025,v2.0,,
10810,Claim.supportingInfo.valueReference,Reference to Any,Elemen Claim.supportingInfo.valueReference dapat mereferensikan resource FHIR yang valid.,10 Desember 2025,v2.0,,
10266,Claim.total.currency,urn:iso:std:iso:4217,Nilai pada elemen Claim.total.currency dapat diisi dengan kode 'IDR' sesuai standar ISO 4217.,10 Desember 2025,v2.0,,
10266,Claim.total.value,decimal,Nilai pada elemen Claim.total.value harus valid sesuai aturan: Tipe data decimal.,10 Desember 2025,v2.0,,
10284,ClaimResponse.adjudication.amount.currency,urn:iso:std:iso:4217,Nilai pada elemen ClaimResponse.adjudication.amount.currency dapat diisi dengan kode 'IDR' sesuai standar ISO 4217.,10 Desember 2025,v2.0,,
10284,ClaimResponse.adjudication.amount.value,decimal,Nilai pada elemen ClaimResponse.adjudication.amount.value harus valid sesuai aturan: Tipe data decimal.,10 Desember 2025,v2.0,,
10283,ClaimResponse.adjudication.category,http://terminology.kemkes.go.id,"Data harus menggunakan codesystem yang sesuai, lihat Dokumen Lampiran Standar Terminologi SATUSEHAT Lihat sub-bab ClaimResponse.adjudication.category",10 Desember 2025,v2.0,,
10284,ClaimResponse.adjudication.reason,http://terminology.kemkes.go.id,"Data harus menggunakan codesystem yang sesuai, lihat Dokumen Lampiran Standar Terminologi SATUSEHAT Lihat sub-bab ClaimResponse.adjudication.reason",10 Desember 2025,v2.0,,
10514,ClaimResponse.identifier,http://sys-ids.kemkes.go.id/claim-batch-number/{org_id},Data harus menggunakan codesystem http://sys-ids.kemkes.go.id/claim-batch-number/{org_id} dengan {org_id} adalah Organization ID Fasyankes.,10 Desember 2025,v2.0,,
10514,ClaimResponse.identifier,http://sys-ids.kemkes.go.id/claim-number/{org_id} --> org id Asuransi,Data harus menggunakan codesystem http://sys-ids.kemkes.go.id/claim-number/{org_id} dengan {org_id} adalah Organization ID Asuransi.,10 Desember 2025,v2.0,,
10276,ClaimResponse.insurer,Reference ke Organization,Referensi pada elemen ClaimResponse.insurer harus mengarah ke resource Organization.,10 Desember 2025,v2.0,,
10779,ClaimResponse.item.adjudication.amount.currency,urn:iso:std:iso:4217,Nilai pada elemen ClaimResponse.item.adjudication.amount.currency dapat diisi dengan kode 'IDR' sesuai standar ISO 4217.,10 Desember 2025,v2.0,,
10779,ClaimResponse.item.adjudication.amount.value,decimal,Nilai pada elemen ClaimResponse.item.adjudication.amount.value harus valid sesuai aturan: Tipe data decimal.,10 Desember 2025,v2.0,,
10778,ClaimResponse.item.adjudication.category,http://terminology.hl7.org/CodeSystem/adjudication,Nilai pada elemen ClaimResponse.item.adjudication.category harus diisi menggunakan kode yang valid dari sistem terminologi http://terminology.hl7.org/CodeSystem/adjudication.,10 Desember 2025,v2.0,,
10274,ClaimResponse.patient,Reference ke Patient,Referensi pada elemen ClaimResponse.patient harus mengarah ke resource Patient.,10 Desember 2025,v2.0,,
10278,ClaimResponse.request,Reference ke Claim,Referensi pada elemen ClaimResponse.request harus mengarah ke resource Claim.,10 Desember 2025,v2.0,,
10277,ClaimResponse.requestor,Reference ke Organization,Referensi pada elemen ClaimResponse.requestor harus mengarah ke resource Organization.,10 Desember 2025,v2.0,,
10272,ClaimResponse.subType,http://terminology.kemkes.go.id,"Data harus menggunakan codesystem yang sesuai, lihat Dokumen Lampiran Standar Terminologi SATUSEHAT Lihat sub-bab ClaimResponse.subType",10 Desember 2025,v2.0,,
10286,ClaimResponse.total.currency,urn:iso:std:iso:4217,Nilai pada elemen ClaimResponse.total.currency dapat diisi dengan kode 'IDR' sesuai standar ISO 4217.,10 Desember 2025,v2.0,,
10286,ClaimResponse.total.value,decimal,Nilai pada elemen ClaimResponse.total.value harus valid sesuai aturan: Tipe data decimal.,10 Desember 2025,v2.0,,
10420,ClinicalImpression.assessor,Reference to Practitioner | PractitionerRole,Path ClinicalImpression.assessor diisi dengan Reference yang merujuk pada data Practitioner dan {practitioner-ihs-number} adalah nomor ID tenaga kesehatan yang didapatkan dari Master Nakes Indeks atau merujuk pada PractitionerRole,14 Maret 2024,v1.0,,
10845,ClinicalImpression.code,http://snomed.info/sct,Nilai pada elemen ClinicalImpression.code harus diisi menggunakan kode yang valid dari sistem terminologi http://snomed.info/sct.,10 Desember 2025,v2.0,,
10845,ClinicalImpression.code,http://terminology.kemkes.go.id,"Data harus menggunakan codesystem yang sesuai, lihat Dokumen Lampiran Standar Terminologi SATUSEHAT Lihat sub-bab ClinicalImpression.code",10 Desember 2025,v2.0,,
10419,ClinicalImpression.date,dateTime,Data harus menggunakan format datetime YYYY-MM-DDThh:mm:ss+00:00,14 Maret 2024,v1.0,,
10417,ClinicalImpression.effectiveDateTime ,dateTime,Data harus menggunakan format datetime YYYY-MM-DDThh:mm:ss+00:00,14 Maret 2024,v1.0,,
10149,ClinicalImpression.encounter,not null,Data harus terisi (tidak boleh kosong),14 Maret 2024,v1.0,,
10149,ClinicalImpression.encounter,Reference ke Encounter,Referensi pada elemen ClinicalImpression.encounter harus mengarah ke resource Encounter.,10 Desember 2025,v2.0,,
10082,ClinicalImpression.finding.itemCodeableConcept,http://hl7.org/fhir/sid/icd-10,"Data harus menggunakan codesystem yang sesuai, lihat Dokumen Lampiran Standar Terminologi SATUSEHAT Lihat sub-bab ClinicalImpression.finding.itemCodeableConcept",14 Maret 2024,v1.0,,
10423,ClinicalImpression.finding.itemReference,Reference to Condition | Observation | Media,Path ClinicalImpression.finding.itemReference diisi dengan reference yang merujuk pada resource (Condition | Observation | Media) yang sudah dikirim sebelumnya,14 Maret 2024,v1.0,,
10418,ClinicalImpression.identifier,http://sys-ids.kemkes.go.id/clinicalimpression/{{org_id}},Data harus menggunakan codesystem http://sys-ids.kemkes.go.id/clinicalimpression/{{org_id}}  dengan {{org-id}} adalah Organization ID faskes,14 Maret 2024,v1.0,,
10081,ClinicalImpression.investigation.code,http://snomed.info/sct,"Data harus menggunakan codesystem yang sesuai, lihat Dokumen Lampiran Standar Terminologi SATUSEHAT Lihat sub-bab ClinicalImpression.investigation.code",14 Maret 2024,v1.0,,
10422,ClinicalImpression.investigation.item ,Reference to Observation | QuestionnaireResponse | FamilyMemberHistory | DiagnosticReport | RiskAssessment | ImagingStudy | Media,Path ClinicalImpression.investigation.item diisi dengan reference yang merujuk pada resource (Observation | QuestionnaireResponse | FamilyMemberHistory | DiagnosticReport | RiskAssessment | ImagingStudy | Media) yang sudah dikirim sebelumnya,14 Maret 2024,v1.0,,
10421,ClinicalImpression.problem,Reference to Condition | Allergy Intolerance,Data ClinicalImpression.problem dengan reference yang merujuk pada data resource (Condition | Allergy Intolerance) dengan nomor ID yang sudah dikirim sebelumnya,14 Maret 2024,v1.0,,
10083,ClinicalImpression.prognosisCodeableConcept,"http://terminology.kemkes.go.id/CodeSystem/clinical-term
http://snomed.info/sct","Data harus menggunakan codesystem yang sesuai, lihat Dokumen Lampiran Standar Terminologi SATUSEHAT Lihat sub-bab Clinicallimpression.prognosisCodeableConcept",14 Maret 2024,v1.0,,
10729,ClinicalImpression.prognosisReference,Reference ke RiskAssessment,Referensi pada elemen ClinicalImpression.prognosisReference harus mengarah ke resource RiskAssessment.,10 Desember 2025,v2.0,,
10080,ClinicalImpression.status,http://hl7.org/fhir/event-status,"Data harus menggunakan codesystem yang sesuai, lihat Dokumen Lampiran Standar Terminologi SATUSEHAT Lihat sub-bab ClinicalImpression.status",14 Maret 2024,v1.0,,
10148,ClinicalImpression.subject,not null,Data harus terisi (tidak boleh kosong),14 Maret 2024,v1.0,,
10148,ClinicalImpression.subject,Reference ke Patient,Referensi pada elemen ClinicalImpression.subject harus mengarah ke resource Patient.,10 Desember 2025,v2.0,,
10663,Composition.attester.party,Reference ke Practitioner,Referensi pada elemen Composition.attester.party harus mengarah ke resource Practitioner.,10 Desember 2025,v2.0,,
10133,Composition.author,not null,Data harus terisi (tidak boleh kosong),14 Maret 2024,v1.0,,
10022,Composition.category,http://loinc.org,"Data harus menggunakan terminologi LOINC yang sesuai dengan use-case terkait, lihat Dokumen Lampiran Standar Terminologi SATUSEHAT Lihat sub-bab Composition.category",14 Maret 2024,v1.0,,
10132,Composition.date,not null,Data harus terisi (tidak boleh kosong),14 Maret 2024,v1.0,,
10670,Composition.event.code,http://snomed.info/sct,Nilai pada elemen Composition.event.code harus diisi menggunakan kode yang valid dari sistem terminologi http://snomed.info/sct.,10 Desember 2025,v2.0,,
10673,Composition.event.detail.reference,Reference ke Practitioner,Referensi pada elemen Composition.event.detail.reference harus mengarah ke resource Practitioner.,10 Desember 2025,v2.0,,
10672,Composition.event.period.end,dateTime,Data harus menggunakan format datetime YYYY-MM-DDThh:mm:ss+00:05,10 Desember 2025,v2.0,,
10671,Composition.event.period.start,dateTime,Data harus menggunakan format datetime YYYY-MM-DDThh:mm:ss+00:04,10 Desember 2025,v2.0,,
10464,Composition.identifier,http://sys-ids.kemkes.go.id/composition/{orgID},Data harus menggunakan codesystem http://sys-ids.kemkes.go.id/composition/{orgID} dengan {orgID} adalah Organization ID faskes,10 Desember 2025,v2.0,,
10023,Composition.section.code,http://loinc.org,"Data harus menggunakan codesystem yang sesuai, lihat Dokumen Lampiran Standar Terminologi SATUSEHAT Lihat sub-bab Composition.section[i].code",14 Maret 2024,v1.0,,
10677,Composition.section.entry,Reference ke Location,Referensi pada elemen Composition.section.entry harus mengarah ke resource Location.,10 Desember 2025,v2.0,,
10677,Composition.section.entry,Reference ke Observation,Referensi pada elemen Composition.section.entry harus mengarah ke resource Observation.,10 Desember 2025,v2.0,,
10677,Composition.section.entry,Reference ke QuestionnaireResponse,Referensi pada elemen Composition.section.entry harus mengarah ke resource QuestionnaireResponse.,10 Desember 2025,v2.0,,
10677,Composition.section.entry,Reference Any,Elemen Composition.section.entry dapat mereferensikan resource FHIR yang valid.,10 Desember 2025,v2.0,,
10666,Composition.section.focus,Reference ke Patient,Referensi pada elemen Composition.section.focus harus mengarah ke resource Patient.,10 Desember 2025,v2.0,,
10666,Composition.section.focus,Reference to any,Elemen Composition.section.focus dapat mereferensikan resource FHIR yang valid.,10 Desember 2025,v2.0,,
10853,Composition.section.X.code.coding,http://loinc.org,Nilai pada elemen Composition.section.X.code.coding harus diisi menggunakan kode yang valid dari sistem terminologi http://loinc.org.,10 Desember 2025,v2.0,,
10853,Composition.section.X.code.coding,http://terminology.kemkes.go.id,"Data harus menggunakan codesystem yang sesuai, lihat Dokumen Lampiran Standar Terminologi SATUSEHAT Lihat sub-bab Composition.section.X.code.coding",10 Desember 2025,v2.0,,
10853,Composition.section.X.code.coding,http://terminology.kemkes.go.id/CodeSystem/composition-section,"Data harus menggunakan codesystem yang sesuai, lihat Dokumen Lampiran Standar Terminologi SATUSEHAT Lihat sub-bab Composition.section.X.code.coding",10 Desember 2025,v2.0,,
10677,Composition.section.X.entry,Reference Any,Elemen Composition.section.X.entry dapat mereferensikan resource FHIR yang valid.,10 Desember 2025,v2.0,,
10854,Composition.section.X.text.status,http://hl7.org/fhir/narrative-status,Nilai pada elemen Composition.section.X.text.status harus sesuai dengan sistem http://hl7.org/fhir/narrative-status.,10 Desember 2025,v2.0,,
10020,Composition.status,http://hl7.org/fhir/composition-status,"Data harus menggunakan codesystem yang sesuai, lihat Dokumen Lampiran Standar Terminologi SATUSEHAT Lihat sub-bab Composition.status",14 Maret 2024,v1.0,,
10131,Composition.subject,not null,Data harus terisi (tidak boleh kosong),14 Maret 2024,v1.0,,
10134,Composition.title,not null,Data harus terisi (tidak boleh kosong),14 Maret 2024,v1.0,,
sudah exists,Composition.type,http://terminology.kemkes.go.id/CodeSystem/composition-type,Data harus menggunakan Composition.type dapat diisi dengan kode LOINC dimana SCALE_TYP = Doc.  Format pengisian lihat Dokumen Lampiran Standar Terminologi SATUSEHAT sub-bab Composition.type.coding,14 Maret 2024,v1.0,,
10021,Composition.type.coding,http://loinc.org,"Data harus menggunakan codesystem yang sesuai, lihat Dokumen Lampiran Standar Terminologi SATUSEHAT Lihat sub-bab Composition.type.coding",14 Maret 2024,v1.0,,
10409,Condition.bodySite,http://terminology.kemkes.go.id/CodeSystem/clinical-term,"Data harus menggunakan codesystem yang sesuai, lihat Dokumen Lampiran Standar Terminologi SATUSEHAT Lihat sub-bab Condition.bodySite atau akses Lampiran Terminology bodysite disini",14 Maret 2024,v1.0,,
10007,Condition.category,http://terminology.hl7.org/CodeSystem/condition-category,"Data harus menggunakan codesystem yang sesuai, lihat Dokumen Lampiran Standar Terminologi SATUSEHAT Lihat sub-bab Condition.category",14 Maret 2024,v1.0,,
10007,Condition.category,http://terminology.kemkes.go.id,"Data harus menggunakan codesystem yang sesuai, lihat Dokumen Lampiran Standar Terminologi SATUSEHAT Lihat sub-bab Condition.category",10 Desember 2025,v2.0,,
10006,Condition.clinicalStatus,http://terminology.hl7.org/CodeSystem/condition-clinical,"Data harus menggunakan codesystem yang sesuai, lihat Dokumen Lampiran Standar Terminologi SATUSEHAT sub-bab Condition.clinicalStatus",14 Maret 2024,v1.0,,
10003,Condition.code,"http://hl7.org/fhir/sid/icd-10
http://terminology.kemkes.go.id/CodeSystem/clinical-term
http://snomed.info/sct","Data harus menggunakan codesystem yang sesuai, lihat Dokumen Lampiran Standar Terminologi SATUSEHAT Lihat sub-bab Condition.code",14 Maret 2024,v1.0,,
10126,Condition.encounter,not null,Data harus terisi (tidak boleh kosong),14 Maret 2024,v1.0,,
10410,Condition.evidence.code,"http://hl7.org/fhir/sid/icd-10
http://terminology.kemkes.go.id/CodeSystem/clinical-term
http://snomed.info/sct","Data harus menggunakan codesystem yang sesuai, lihat Dokumen Lampiran Standar Terminologi SATUSEHAT sub-bab Condition.evidence.code",14 Maret 2024,v1.0,,
10444,Condition.identifier,http://sys-ids.kemkes.go.id/condition/{{org-id}} ,Data harus menggunakan codesystem http://sys-ids.kemkes.go.id/condition/{{org-id}}  dengan {{org-id}} adalah Organization ID faskes,14 Maret 2024,v1.0,,
10844,Condition.onsetAge.code,http://unitsofmeasure.org,Nilai pada elemen Condition.onsetAge.code harus sesuai dengan sistem http://unitsofmeasure.org.,10 Desember 2025,v2.0,,
10843,Condition.onsetAge.value,decimal,Nilai pada elemen Condition.onsetAge.value harus berupa tipe data decimal.,10 Desember 2025,v2.0,,
10402,Condition.onsetDateTime,dateTime,Data harus menggunakan format datetime YYYY-MM-DDThh:mm:ss+00:00,14 Maret 2024,v1.0,,
10842,Condition.onsetPeriod.end,dateTime,Data harus menggunakan format datetime YYYY-MM-DDThh:mm:ss+00:14,10 Desember 2025,v2.0,,
10841,Condition.onsetPeriod.start,dateTime,Data harus menggunakan format datetime YYYY-MM-DDThh:mm:ss+00:13,10 Desember 2025,v2.0,,
10403,Condition.recordedDate,dateTime,Data harus menggunakan format datetime YYYY-MM-DDThh:mm:ss+00:00,14 Maret 2024,v1.0,,
10678,Condition.recorder,Reference ke Practitioner,Referensi pada elemen Condition.recorder harus mengarah ke resource Practitioner.,10 Desember 2025,v2.0,,
10825,Condition.stage.assessment,Reference to ClinicalImpression,Referensi pada elemen Condition.stage.assessment harus mengarah ke resource ClinicalImpression.,10 Desember 2025,v2.0,,
10411,Condition.stage.summary,"http://terminology.kemkes.go.id/CodeSystem/clinical-term
http://snomed.info/sct","Data harus menggunakan codesystem yang sesuai, lihat Dokumen Lampiran Standar Terminologi SATUSEHAT Lihat sub-bab Condition.stage.summary",14 Maret 2024,v1.0,,
10412,Condition.stage.type,http://snomed.info/sct,"Data harus menggunakan codesystem yang sesuai, lihat Dokumen Lampiran Standar Terminologi SATUSEHAT Lihat sub-bab Condition.stage.summary",14 Maret 2024,v1.0,,
10125,Condition.subject,not null,Data harus terisi (tidak boleh kosong),14 Maret 2024,v1.0,,
10170,Condition.verificationStatus,http://terminology.hl7.org/CodeSystem/condition-ver-status,"Data harus menggunakan codesystem yang sesuai, lihat Dokumen Lampiran Standar Terminologi SATUSEHAT Lihat sub-bab Condition.verificationStatus",14 Maret 2024,v1.0,,
,Coverage.identifier,https://sys-ids.kemkes.go.id/insurance,Identifier pada elemen Coverage.identifier harus menggunakan sistem https://sys-ids.kemkes.go.id/insurance.,10 Desember 2025,v2.0,,
10900,Coverage.payor.display,Mandatory,Elemen Coverage.payor.display wajib diisi.,10 Desember 2025,v2.0,,
10212,CoverageEligibilityResponse.insurance.coverage,Reference ke Coverage,Referensi pada elemen CoverageEligibilityResponse.insurance.coverage harus mengarah ke resource Coverage.,10 Desember 2025,v2.0,,
10776,CoverageEligibilityResponse.insurance.item.benefit.allowedMoney.currency,urn:iso:std:iso:4217,Nilai pada elemen CoverageEligibilityResponse.insurance.item.benefit.allowedMoney.currency dapat diisi dengan kode 'IDR' sesuai standar ISO 4217.,10 Desember 2025,v2.0,,
10776,CoverageEligibilityResponse.insurance.item.benefit.allowedMoney.value,decimal,Nilai pada elemen CoverageEligibilityResponse.insurance.item.benefit.allowedMoney.value harus valid sesuai aturan: Tipe data decimal.,10 Desember 2025,v2.0,,
10775,CoverageEligibilityResponse.insurance.item.benefit.type,http://terminology.hl7.org/CodeSystem/benefit-type,Nilai pada elemen CoverageEligibilityResponse.insurance.item.benefit.type harus diisi menggunakan kode yang valid dari sistem terminologi http://terminology.hl7.org/CodeSystem/benefit-type.,10 Desember 2025,v2.0,,
10208,CoverageEligibilityResponse.request,Reference ke CoverageEligibilityRequest,Referensi pada elemen CoverageEligibilityResponse.request harus mengarah ke resource CoverageEligibilityRequest.,10 Desember 2025,v2.0,,
10387,DiagnosticReport.basedOn,ServiceRequest/{id-resource-ServiceRequest},Data DiagnosticReport.basedOn wajib dikirim dan Reference merujuk pada data ServiceRequest dengan {id-resource-ServiceRequest} adalah ID data yang sudah dikirim sebelumnya,14 Maret 2024,v1.0,,
10073,DiagnosticReport.category,http://terminology.hl7.org/CodeSystem/v2-0074,"Data harus menggunakan codesystem yang sesuai, lihat Dokumen Lampiran Standar Terminologi SATUSEHAT Lihat sub-bab DiagnosticReport.category",14 Maret 2024,v1.0,,
10071,DiagnosticReport.code,"http://terminology.kemkes.go.id/CodeSystem/examination
http://loinc.org","Data harus menggunakan codesystem yang sesuai, lihat Dokumen Lampiran Standar Terminologi SATUSEHAT Lihat sub-bab DiagnosticReport.code",14 Maret 2024,v1.0,,
already exists,DiagnosticReport.code,http://terminology.kemkes.go.id/CodeSystem/examination ,"Data harus menggunakan codesystem yang sesuai, lihat Dokumen Lampiran Standar Terminologi SATUSEHAT Lihat sub-bab DiagnosticReport.code",14 Maret 2024,v1.0,,
10074,DiagnosticReport.conclusionCode,"http://loinc.org
http://snomed.info/sct
http://terminology.hl7.org/CodeSystem/v3-ObservationInterpretation
http://terminology.kemkes.go.id/CodeSystem/examination ","Data harus menggunakan codesystem yang sesuai, lihat Dokumen Lampiran Standar Terminologi SATUSEHAT Lihat sub-bab DiagnosticReport.conclusionCode",14 Maret 2024,v1.0,,
10379,DiagnosticReport.effectiveDateTime,dateTime,Data harus menggunakan format datetime YYYY-MM-DDThh:mm:ss+00:00,14 Maret 2024,v1.0,,
10145,DiagnosticReport.encounter,not null,Data harus terisi (tidak boleh kosong),14 Maret 2024,v1.0,,
10432,DiagnosticReport.identifier,http://sys-ids.kemkes.go.id/diagnostic/{{organization-ihs-number}}/lab,"- Data Diagnostic Report Laboratorium harus menggunakan codesystem http://sys-ids.kemkes.go.id/diagnostic/{{organization-ihs-number}}/lab dengan /{{organization-ihs-number}} adalah Organization ID faskes
- Data Diagnostic Report Radiologi harus menggunakan codesystem http://sys-ids.kemkes.go.id/diagnostic/{{organization-ihs-number}}/rad dengan /{{organization-ihs-number}} adalah Organization ID faskes",14 Maret 2024,v1.0,,
10359,DiagnosticReport.issued,dateTime,Data harus menggunakan format datetime YYYY-MM-DDThh:mm:ss+00:00,14 Maret 2024,v1.0,,
10384,DiagnosticReport.performer,Practitioner,Path DiagnosticReport.performer wajib dikirim dan merujuk pada resource Practitioner yang sudah dikirim sebelumnya,14 Maret 2024,v1.0,,
10385,DiagnosticReport.result ,Observation/{{observation-id}},Data DiagnosticReport.result wajib terisi dengan Reference merujuk pada data Observation dan {{observation-id}} adalah nomor ID Observation yang sudah dikirim sebelumnya,14 Maret 2024,v1.0,,
10386,DiagnosticReport.specimen,Specimen/{{specimen-id}},Data DiagnosticReport.specimen wajib terisi dengan Reference merujuk pada data Specimen dan {{specimen-id}} adalah ID specimen yang sudah dikirim sebelumnya,14 Maret 2024,v1.0,,
10072,DiagnosticReport.status,http://hl7.org/fhir/diagnostic-report-status,"Data harus menggunakan codesystem yang sesuai, lihat Dokumen Lampiran Standar Terminologi SATUSEHAT Lihat sub-bab DiagnosticReport.status",14 Maret 2024,v1.0,,
10144,DiagnosticReport.subject,not null,Data harus terisi (tidak boleh kosong),14 Maret 2024,v1.0,,
10502,DocumentReference.date,not null,Data harus terisi (tidak boleh kosong),10 Desember 2025,v2.0,,
10304,Encounter.classHistory.class,http://terminology.hl7.org/CodeSystem/v3-ActCode,"Data harus menggunakan codesystem yang sesuai, lihat Dokumen Lampiran Standar Terminologi SATUSEHAT Lihat sub-bab Encounter.classHistory[i].class",14 Maret 2024,v1.0,,
10303,Encounter.classHistory.period.end,datetime,Data harus menggunakan format datetime YYYY-MM-DDThh:mm:ss+00:00,14 Maret 2024,v1.0,,
10302,Encounter.classHistory.period.start,datetime,Data harus menggunakan format datetime YYYY-MM-DDThh:mm:ss+00:00,14 Maret 2024,v1.0,,
10317,Encounter.diagnosis.use,http://terminology.hl7.org/CodeSystem/diagnosis-role,"Data harus menggunakan codesystem yang sesuai, lihat Dokumen Lampiran Standar Terminologi SATUSEHAT Lihat sub-bab Encounter.diagnosis.use",14 Maret 2024,v1.0,,
10430,Encounter.episodeOfCare,Reference EpisodeOfCare/{{EpisodeOfCare_uuid}},Path Encounter.episodeOfCare diisi dengan Reference yang merujuk pada data EpisodeOfCare dan {{EpisodeOfCare_uuid}} adalah nomor ID Episode of Care yang didapatkan dari server ketika melakukan POST data Episode of Care sebelumnya,14 Maret 2024,v1.0,,
10319,Encounter.hospitalization.admitSource,"http://terminology.hl7.org/CodeSystem/admit-source
http://terminology.kemkes.go.id/CodeSystem/clinical-term 
http://terminology.kemkes.go.id/CodeSystem/organization-type","Data harus menggunakan codesystem yang sesuai, lihat Dokumen Lampiran Standar Terminologi SATUSEHAT Lihat sub-bab Encounter.hospitalization.admitSource",14 Maret 2024,v1.0,,
10319,Encounter.hospitalization.admitSource.coding,http://terminology.kemkes.go.id,"Data harus menggunakan codesystem yang sesuai, lihat Dokumen Lampiran Standar Terminologi SATUSEHAT Lihat sub-bab Encounter.hospitalization.admitSource.coding",10 Desember 2025,v2.0,,
10320,Encounter.hospitalization.dietPreference,http://terminology.hl7.org/CodeSystem/diet,"Data harus menggunakan codesystem yang sesuai, lihat Dokumen Lampiran Standar Terminologi SATUSEHAT Lihat sub-bab Encounter.hospitalization.dietPreference",14 Maret 2024,v1.0,,
10318,Encounter.hospitalization.dischargeDisposition,"http://hl7.org/fhir/ValueSet/encounter-discharge-disposition
http://terminology.hl7.org/CodeSystem/discharge-disposition
http://terminology.kemkes.go.id/CodeSystem/encounter-discharge-disposition","Data harus menggunakan codesystem yang sesuai, lihat Dokumen Lampiran Standar Terminologi SATUSEHAT Lihat sub-bab Encounter.hospitalization.dischargeDisposition",14 Maret 2024,v1.0,,
10321,Encounter.hospitalization.reAdmission,http://terminology.hl7.org/CodeSystem/v2-0092,"Data harus menggunakan codesystem yang sesuai, lihat Dokumen Lampiran Standar Terminologi SATUSEHAT Lihat sub-bab Encounter.hospitalization.reAdmission",14 Maret 2024,v1.0,,
10322,Encounter.hospitalization.specialArrangement,http://terminology.hl7.org/CodeSystem/encounter-special-arrangements,"Data harus menggunakan codesystem yang sesuai, lihat Dokumen Lampiran Standar Terminologi SATUSEHAT Lihat sub-bab Encounter.hospitalization.specialArrangement",14 Maret 2024,v1.0,,
10117,Encounter.identifier,"http://terminology.kemkes.go.id/CodeSystem/episodeofcare/ANC
http://terminology.kemkes.go.id/CodeSystem/episodeofcare/neonate
http://terminology.kemkes.go.id/CodeSystem/episodeofcare/puerperium","Data harus menggunakan codesystem yang sesuai, lihat Dokumen Lampiran Standar Terminologi SATUSEHAT Lihat sub-bab Encounter.identifier",14 Maret 2024,v1.0,,
10117,Encounter.identifier,not null,Data harus terisi (tidak boleh kosong),14 Maret 2024,v1.0,,
10117,Encounter.identifier.system,http://sys-ids.kemkes.go.id/asik/{{org-id}},Data harus menggunakan codesystem http://sys-ids.kemkes.go.id/asik/{{org-id}} dengan {orgID} adalah Organization ID faskes,10 Desember 2025,v2.0,,
10117,Encounter.identifier.system,http://sys-ids.kemkes.go.id/sitb/{{org-id}},Data harus menggunakan codesystem http://sys-ids.kemkes.go.id/sitb/{{org-id}} dengan {{org_id}} adalah Organization ID faskes,10 Desember 2025,v2.0,,
10840,Encounter.length.code,http://unitsofmeasure.org ( Ranap = d Rajal/IGD/ODC = h dan min),Nilai pada elemen Encounter.length.code harus sesuai dengan sistem http://unitsofmeasure.org ( Ranap = d Rajal/IGD/ODC = h dan min).,10 Desember 2025,v2.0,,
10839,Encounter.length.value,decimal,Nilai pada elemen Encounter.length.value harus berupa tipe data decimal.,10 Desember 2025,v2.0,,
10165,Encounter.location.extension:serviceClass.upgradeClassIndicator,http://terminology.kemkes.go.id/CodeSystem/locationUpgradeClass,"Data harus menggunakan codesystem yang sesuai, lihat Dokumen Lampiran Standar Terminologi SATUSEHAT Lihat sub-bab Encounter.location.extension:serviceClass.upgradeClassIndicator",14 Maret 2024,v1.0,,
10164,Encounter.location.extension:serviceClass.value.valueCodeableConcept.coding.system,http://terminology.kemkes.go.id/CodeSystem/locationServiceClass,"Data harus menggunakan codesystem yang sesuai, lihat Dokumen Lampiran Standar Terminologi SATUSEHAT Lihat sub-bab Encounter.location.extension:serviceClass.value.valueCodeableConcept.coding.system",14 Maret 2024,v1.0,,
10120,Encounter.location.location,not null,Data harus terisi (tidak boleh kosong),14 Maret 2024,v1.0,,
10291,Encounter.location.period.end,datetime,Data harus menggunakan format datetime YYYY-MM-DDThh:mm:ss+00:00,14 Maret 2024,v1.0,,
10290,Encounter.location.period.start,datetime,Data harus menggunakan format datetime YYYY-MM-DDThh:mm:ss+00:00,14 Maret 2024,v1.0,,
10325,Encounter.location.status,http://hl7.org/fhir/encounter-location-status,"Data harus menggunakan codesystem yang sesuai, lihat Dokumen Lampiran Standar Terminologi SATUSEHAT Lihat sub-bab Encounter.location.status",14 Maret 2024,v1.0,,
10336,Encounter.participant,non mandatory if mpdn identifier,Path Encounter.participant tidak diwajibkan apabila pengirim berasal dari system MPDN,14 Maret 2024,v1.0,,
10119,Encounter.participant.individual,not null,Data harus terisi (tidak boleh kosong),14 Maret 2024,v1.0,,
10301,Encounter.participant.period.end,datetime,Data harus menggunakan format datetime YYYY-MM-DDThh:mm:ss+00:00,14 Maret 2024,v1.0,,
10121,Encounter.period,- ,"Jika elemen Encounter.status bernilai 'finished', maka Encounter.period.start dan Encounter.period.end wajib diisi, serta nilai Encounter.period.end harus lebih besar dari Encounter.period.start.""",10 Desember 2025,v2.0,,
10173,Encounter.period.end,future date,Data harus menggunakan format datetime YYYY-MM-DDThh:mm:ss+00:00 dan value lebih dari value pada path Encounter.period.start,14 Maret 2024,v1.0,,
10123,Encounter.period.start,not null,Data harus terisi (tidak boleh kosong),14 Maret 2024,v1.0,,
10328,Encounter.priority,http://terminology.hl7.org/CodeSystem/v3-ActPriority,"Data harus menggunakan codesystem yang sesuai, lihat Dokumen Lampiran Standar Terminologi SATUSEHAT Lihat sub-bab Encounter.priority",14 Maret 2024,v1.0,,
10326,Encounter.reasonCode,http://hl7.org/fhir/sid/icd-10,"Data harus menggunakan codesystem yang sesuai, lihat Dokumen Lampiran Standar Terminologi SATUSEHAT Lihat sub-bab Immunization.vaccineCode",14 Maret 2024,v1.0,,
10782,Encounter.reasonCode.coding,http://snomed.info/sct,Nilai pada elemen Encounter.reasonCode.coding harus diisi menggunakan kode yang valid dari sistem terminologi http://snomed.info/sct.,10 Desember 2025,v2.0,,
10782,Encounter.reasonCode.coding,http://terminology.kemkes.go.id,"Data harus menggunakan codesystem yang sesuai, lihat Dokumen Lampiran Standar Terminologi SATUSEHAT Lihat sub-bab Encounter.reasonCode.coding",10 Desember 2025,v2.0,,
10124,Encounter.serviceProvider,not null,Data harus terisi (tidak boleh kosong),14 Maret 2024,v1.0,,
10327,Encounter.serviceType,http://terminology.hl7.org/CodeSystem/service-type,"Data harus menggunakan codesystem yang sesuai, lihat Dokumen Lampiran Standar Terminologi SATUSEHAT Lihat sub-bab Encounter.serviceType",14 Maret 2024,v1.0,,
10121,Encounter.status,not null,Data harus terisi (tidak boleh kosong),14 Maret 2024,v1.0,,
10122,Encounter.statusHistory,not null,Data harus terisi (tidak boleh kosong),14 Maret 2024,v1.0,,
10118,Encounter.subject,not null,Data harus terisi (tidak boleh kosong),14 Maret 2024,v1.0,,
10111,EpisodeOfCare.diagnosis.role,http://terminology.hl7.org/CodeSystem/diagnosis-role,"Data harus menggunakan codesystem yang sesuai, lihat Dokumen Lampiran Standar Terminologi SATUSEHAT Lihat sub-bab EpisodeOfCare.diagnosis.role",14 Maret 2024,v1.0,,
10458,EpisodeOfCare.identifier,http://sys-ids.kemkes.go.id/episode-of-care/{{org_id}} ,"Data harus menggunakan codesystem http://sys-ids.kemkes.go.id/episode-of-care/{{org_id}}  dengan {{org-id}} adalah Organization ID faskes
",14 Maret 2024,v1.0,,
10408,EpisodeOfCare.managingOrganization,Organization/{{org-id}},Data EpisodeOfCare.managingOrganization diisi dengan Reference merujuk pada data Organization dan {{org-id}} adalah Organization ID faskes,14 Maret 2024,v1.0,,
10157,EpisodeOfCare.patient,not null,Data harus terisi (tidak boleh kosong),14 Maret 2024,v1.0,,
10407,EpisodeOfCare.period.end,dateTime,Data harus menggunakan format datetime YYYY-MM-DDThh:mm:ss+00:00,14 Maret 2024,v1.0,,
10406,EpisodeOfCare.period.start,dateTime,Data harus menggunakan format datetime YYYY-MM-DDThh:mm:ss+00:00,14 Maret 2024,v1.0,,
10109,EpisodeOfCare.status,http://hl7.org/fhir/episode-of-care-status,"Data harus menggunakan codesystem yang sesuai, lihat Dokumen Lampiran Standar Terminologi SATUSEHAT Lihat sub-bab EpisodeOfCare.status",14 Maret 2024,v1.0,,
10405,EpisodeOfCare.statusHistory.period.end,dateTime,Data harus menggunakan format datetime YYYY-MM-DDThh:mm:ss+00:00,14 Maret 2024,v1.0,,
10404,EpisodeOfCare.statusHistory.period.start,dateTime,Data harus menggunakan format datetime YYYY-MM-DDThh:mm:ss+00:00,14 Maret 2024,v1.0,,
10110,EpisodeOfCare.type,"http://terminology.hl7.org/CodeSystem/episodeofcare-type
http://terminology.kemkes.go.id/CodeSystem/episodeofcare-type","Data harus menggunakan codesystem yang sesuai, lihat Dokumen Lampiran Standar Terminologi SATUSEHAT Lihat sub-bab EpisodeOfCare.type",14 Maret 2024,v1.0,,
10110,EpisodeOfCare.type,http://terminology.kemkes.go.id,"Data harus menggunakan codesystem yang sesuai, lihat Dokumen Lampiran Standar Terminologi SATUSEHAT Lihat sub-bab EpisodeOfCare.type",10 Desember 2025,v2.0,,
10707,FamilyMemberHistory.condition.code,http://snomed.info/sct,Nilai pada elemen FamilyMemberHistory.condition.code harus diisi menggunakan kode yang valid dari sistem terminologi http://snomed.info/sct.,10 Desember 2025,v2.0,,
10709,FamilyMemberHistory.condition.contributedToDeath,boolean,Nilai pada elemen FamilyMemberHistory.condition.contributedToDeath harus berupa tipe data boolean.,10 Desember 2025,v2.0,,
10695,FamilyMemberHistory.condition.onsetAge,Age,Nilai pada elemen FamilyMemberHistory.condition.onsetAge harus berupa tipe data Age.,10 Desember 2025,v2.0,,
10697,FamilyMemberHistory.condition.onsetPeriod.end,period,Format tanggal dan waktu pada elemen FamilyMemberHistory.condition.onsetPeriod.end harus berupa dateTime (YYYY-MM-DDThh:mm:ss+zz:zz).,10 Desember 2025,v2.0,,
10696,FamilyMemberHistory.condition.onsetPeriod.start,period,Format tanggal dan waktu pada elemen FamilyMemberHistory.condition.onsetPeriod.start harus berupa dateTime (YYYY-MM-DDThh:mm:ss+zz:zz).,10 Desember 2025,v2.0,,
10699,FamilyMemberHistory.condition.onsetRange.high.value,decimal,Nilai pada elemen FamilyMemberHistory.condition.onsetRange.high.value harus berupa tipe data decimal.,10 Desember 2025,v2.0,,
10698,FamilyMemberHistory.condition.onsetRange.low.value,decimal,Nilai pada elemen FamilyMemberHistory.condition.onsetRange.low.value harus berupa tipe data decimal.,10 Desember 2025,v2.0,,
10700,FamilyMemberHistory.condition.onsetString,string,Nilai pada elemen FamilyMemberHistory.condition.onsetString harus berupa tipe data string.,10 Desember 2025,v2.0,,
10708,FamilyMemberHistory.condition.outcome,http://snomed.info/sct,Nilai pada elemen FamilyMemberHistory.condition.outcome harus diisi menggunakan kode yang valid dari sistem terminologi http://snomed.info/sct.,10 Desember 2025,v2.0,,
10702,FamilyMemberHistory.deceasedAge,age,Nilai pada elemen FamilyMemberHistory.deceasedAge harus berupa tipe data Age.,10 Desember 2025,v2.0,,
10701,FamilyMemberHistory.deceasedBoolean,boolean,Nilai pada elemen FamilyMemberHistory.deceasedBoolean harus berupa tipe data boolean.,10 Desember 2025,v2.0,,
10705,FamilyMemberHistory.deceasedDate,date,Data harus menggunakan format date YYYY-MM-DD,10 Desember 2025,v2.0,,
10704,FamilyMemberHistory.deceasedRange.high.value,decimal,Nilai pada elemen FamilyMemberHistory.deceasedRange.high.value harus berupa tipe data decimal.,10 Desember 2025,v2.0,,
10703,FamilyMemberHistory.deceasedRange.low.value,decimal,Nilai pada elemen FamilyMemberHistory.deceasedRange.low.value harus berupa tipe data decimal.,10 Desember 2025,v2.0,,
10706,FamilyMemberHistory.deceasedString,string,Nilai pada elemen FamilyMemberHistory.deceasedString harus berupa tipe data string.,10 Desember 2025,v2.0,,
10158,FamilyMemberHistory.patient,not null,Data harus terisi (tidak boleh kosong),14 Maret 2024,v1.0,,
10158,FamilyMemberHistory.patient,Reference ke Patient,Referensi pada elemen FamilyMemberHistory.patient harus mengarah ke resource Patient.,10 Desember 2025,v2.0,,
10114,FamilyMemberHistory.relationship,"http://snomed.info/sct
http://terminology.hl7.org/CodeSystem/v3-RoleCode","Data harus menggunakan codesystem yang sesuai, lihat Dokumen Lampiran Standar Terminologi SATUSEHAT Lihat sub-bab FamilyMemberHistory.relationship",14 Maret 2024,v1.0,,
10113,FamilyMemberHistory.status,http://hl7.org/fhir/codesystem-history-status.html,"Data harus menggunakan codesystem yang sesuai, lihat Dokumen Lampiran Standar Terminologi SATUSEHAT Lihat sub-bab FamilyMemberHistory.status",14 Maret 2024,v1.0,,
10731,Goal.achievementStatus,http://terminology.hl7.org/CodeSystem/goal-achievement,Nilai pada elemen Goal.achievementStatus harus diisi menggunakan kode yang valid dari sistem terminologi http://terminology.hl7.org/CodeSystem/goal-achievement.,10 Desember 2025,v2.0,,
10826,Goal.addresses,Reference to Condition,Referensi pada elemen Goal.addresses harus mengarah ke resource Condition.,10 Desember 2025,v2.0,,
10732,Goal.category,http://terminology.hl7.org/CodeSystem/goal-category,Nilai pada elemen Goal.category harus diisi menggunakan kode yang valid dari sistem terminologi http://terminology.hl7.org/CodeSystem/goal-category.,10 Desember 2025,v2.0,,
10733,Goal.description,http://snomed.info/sct,Nilai pada elemen Goal.description harus diisi menggunakan kode yang valid dari sistem terminologi http://snomed.info/sct.,10 Desember 2025,v2.0,,
10751,Goal.expressedBy,Reference ke Practitioner,Referensi pada elemen Goal.expressedBy harus mengarah ke resource Practitioner.,10 Desember 2025,v2.0,,
10730,Goal.lifecycleStatus,http://hl7.org/fhir/goal-status,Nilai pada elemen Goal.lifecycleStatus harus sesuai dengan sistem http://hl7.org/fhir/goal-status.,10 Desember 2025,v2.0,,
10752,Goal.outcomeCode,http://snomed.info/sct,Nilai pada elemen Goal.outcomeCode harus diisi menggunakan kode yang valid dari sistem terminologi http://snomed.info/sct.,10 Desember 2025,v2.0,,
10752,Goal.outcomeCode,http://terminology.kemkes.go.id,"Data harus menggunakan codesystem yang sesuai, lihat Dokumen Lampiran Standar Terminologi SATUSEHAT Lihat sub-bab Goal.outcomeCode",10 Desember 2025,v2.0,,
10753,Goal.outcomeReference,Reference ke Observation,Referensi pada elemen Goal.outcomeReference harus mengarah ke resource Observation.,10 Desember 2025,v2.0,,
10846,Goal.statusDate,date,Data harus menggunakan format date YYYY-MM-DD,10 Desember 2025,v2.0,,
10734,Goal.subject,Reference ke Patient,Referensi pada elemen Goal.subject harus mengarah ke resource Patient.,10 Desember 2025,v2.0,,
10742,Goal.target.detailBoolean,boolean,Nilai pada elemen Goal.target.detailBoolean harus berupa tipe data boolean.,10 Desember 2025,v2.0,,
10740,Goal.target.detailCodeableConcept,http://snomed.info/sct,Nilai pada elemen Goal.target.detailCodeableConcept harus diisi menggunakan kode yang valid dari sistem terminologi http://snomed.info/sct.,10 Desember 2025,v2.0,,
10743,Goal.target.detailInteger,integer,Nilai pada elemen Goal.target.detailInteger harus berupa tipe data integer.,10 Desember 2025,v2.0,,
10737,Goal.target.detailQuantity.code,http://unitsofmeasure.org,"Data harus menggunakan Kode satuan atau unit dapat menggunakan kode yang disediakan oleh Unified Code for
Units of Measure (UCUM). Daftar kode satuan dapat diakses  disini",10 Desember 2025,v2.0,,
10736,Goal.target.detailQuantity.value,decimal,Nilai pada elemen Goal.target.detailQuantity.value harus berupa tipe data decimal.,10 Desember 2025,v2.0,,
10738,Goal.target.detailRange.high.value,decimal,Nilai pada elemen Goal.target.detailRange.high.value harus berupa tipe data decimal.,10 Desember 2025,v2.0,,
10739,Goal.target.detailRange.low.value,decimal,Nilai pada elemen Goal.target.detailRange.low.value harus berupa tipe data decimal.,10 Desember 2025,v2.0,,
10746,Goal.target.detailRatio.denominator.system,http://unitsofmeasure.org,"Data harus menggunakan Kode satuan atau unit dapat menggunakan kode yang disediakan oleh Unified Code for
Units of Measure (UCUM). Daftar kode satuan dapat diakses  disini",10 Desember 2025,v2.0,,
10747,Goal.target.detailRatio.denominator.value,decimal,Nilai pada elemen Goal.target.detailRatio.denominator.value harus berupa tipe data decimal.,10 Desember 2025,v2.0,,
10744,Goal.target.detailRatio.numerator.system,http://unitsofmeasure.org,"Data harus menggunakan Kode satuan atau unit dapat menggunakan kode yang disediakan oleh Unified Code for
Units of Measure (UCUM). Daftar kode satuan dapat diakses  disini",10 Desember 2025,v2.0,,
10745,Goal.target.detailRatio.numerator.value,decimal,Nilai pada elemen Goal.target.detailRatio.numerator.value harus berupa tipe data decimal.,10 Desember 2025,v2.0,,
10741,Goal.target.detailString,string,Nilai pada elemen Goal.target.detailString harus berupa tipe data string.,10 Desember 2025,v2.0,,
10748,Goal.target.dueDate,date,Data harus menggunakan format date YYYY-MM-DD,10 Desember 2025,v2.0,,
10750,Goal.target.dueDuration,http://unitsofmeasure.org,"Data harus menggunakan Kode satuan atau unit dapat menggunakan kode yang disediakan oleh Unified Code for
Units of Measure (UCUM). Daftar kode satuan dapat diakses  disini",10 Desember 2025,v2.0,,
10735,Goal.target.measure,http://loinc.org,Nilai pada elemen harus diisi menggunakan kode yang valid dari sistem terminologi http://loinc.org.,10 Desember 2025,v2.0,,
10154,ImagingStudy.basedOn,not null,Data harus terisi (tidak boleh kosong),14 Maret 2024,v1.0,,
10150,ImagingStudy.identifier,not null,Data harus terisi (tidak boleh kosong),14 Maret 2024,v1.0,,
10152,ImagingStudy.modality,not null,Data harus terisi (tidak boleh kosong),14 Maret 2024,v1.0,,
10424,ImagingStudy.started,dateTime,Data harus menggunakan format datetime,14 Maret 2024,v1.0,,
10151,ImagingStudy.status,not null,Data harus terisi (tidak boleh kosong),14 Maret 2024,v1.0,,
10153,ImagingStudy.subject,not null,Data harus terisi (tidak boleh kosong),14 Maret 2024,v1.0,,
10293,Immunization.encounter,not null,Data harus terisi (tidak boleh kosong),14 Maret 2024,v1.0,,
10307,Immunization.expirationDate,,Value pada path Immunization.expirationDate wajib diisi pada pengiriman resource Immunization dengan use case imunisasi dilakukan oleh nakes,14 Maret 2024,v1.0,,
10307,Immunization.expirationDate,Immunization.expiratonDate > Immunization.occurenceDateTime,Nilai Immunization.expiratonDate harus lebih besar dari Immunization.occurenceDateTime.,10 Desember 2025,v2.0,,
10426,Immunization.fundingSource,"http://terminology.hl7.org/CodeSystem/immunization-funding-source
http://terminology.kemkes.go.id/CodeSystem/immunization-fundingSource ","Data harus menggunakan codesystem yang sesuai, lihat Dokumen Lampiran Standar Terminologi SATUSEHAT Lihat sub-bab Immunization.fundingSource",14 Maret 2024,v1.0,,
10305,Immunization.location,not null if,Data immunization.location wajib diisi pada pengiriman resource Immunization jika Immunization.status = completed,14 Maret 2024,v1.0,,
10306,Immunization.lotNumber,not null if,Data immunization.lotNumber harus terisi pada pengiriman resource Immunization dengan use case imunisasi dilakukan oleh nakes,14 Maret 2024,v1.0,,
10156,Immunization.occurrence[x],not null,Data harus terisi (tidak boleh kosong),14 Maret 2024,v1.0,,
10155,Immunization.patient,not null,Data harus terisi (tidak boleh kosong),14 Maret 2024,v1.0,,
10294,Immunization.performer.actor,not null,Data harus terisi (tidak boleh kosong),14 Maret 2024,v1.0,,
10104,Immunization.performer.function,http://terminology.hl7.org/3.1.0/CodeSystem-v2-0443.html,"Data harus menggunakan codesystem yang sesuai, lihat Dokumen Lampiran Standar Terminologi SATUSEHAT Lihat sub-bab Immunization.performer.function",14 Maret 2024,v1.0,,
10292,Immunization.primarySource,not null,Data harus terisi (tidak boleh kosong),14 Maret 2024,v1.0,,
10450,Immunization.protocolApplied,,"Data harus menggunakan codesystem yang sesuai, lihat penggunaan path secara secara lengkap disini ",14 Maret 2024,v1.0,,
10456,Immunization.protocolApplied.doseNumberPositiveInt,Integer must be more than 0,"Data wajib terisi menggunakan codesystem yang sesuai, lihat penggunaan path secara secara lengkap disini ",14 Maret 2024,v1.0,,
10819,Immunization.reaction.date,dateTime,Data harus menggunakan format datetime YYYY-MM-DDThh:mm:ss+00:12,10 Desember 2025,v2.0,,
10820,Immunization.reaction.detail,Reference to Observation,Referensi pada elemen Immunization.reaction.detail harus mengarah ke resource Observation.,10 Desember 2025,v2.0,,
10105,Immunization.reasonCode,"http://terminology.kemkes.go.id/CodeSystem/immunization-reason
http://terminology.kemkes.go.id/CodeSystem/immunization-routine-timing
http://snomed.info/sct","Data harus menggunakan codesystem yang sesuai, lihat Dokumen Lampiran Standar Terminologi SATUSEHAT Lihat sub-bab Immunization.reasonCode",14 Maret 2024,v1.0,,
10451,Immunization.recorded,,"Data harus terisi menggunakan codesystem yang sesuai, lihat penggunaan path secara secara lengkap disini ",14 Maret 2024,v1.0,,
10106,Immunization.reportOrigin,http://terminology.hl7.org/CodeSystem/immunization-origin,"Data harus menggunakan codesystem yang sesuai, lihat Dokumen Lampiran Standar Terminologi SATUSEHAT Lihat sub-bab Immunization.reportOrigin",14 Maret 2024,v1.0,,
10107,Immunization.status,http://hl7.org/fhir/event-status,"Data harus menggunakan codesystem yang sesuai, lihat Dokumen Lampiran Standar Terminologi SATUSEHAT Lihat sub-bab Immunization.status",14 Maret 2024,v1.0,,
10108,Immunization.statusReason,"http://snomed.info/sct
http://terminology.hl7.org/CodeSystem/v3-ActReason
http://terminology.kemkes.go.id/CodeSystem/immunization-statusReason ","Data harus menggunakan codesystem yang sesuai, lihat Dokumen Lampiran Standar Terminologi SATUSEHAT Lihat sub-bab Immunization.statusReason",14 Maret 2024,v1.0,,
10103,Immunization.vaccineCode,"http://hl7.org/fhir/sid/cvx
http://sys-ids.kemkes.go.id/kfa","Data harus menggunakan codesystem yang sesuai, lihat Dokumen Lampiran Standar Terminologi SATUSEHAT Lihat sub-bab Immunization.vaccineCode",14 Maret 2024,v1.0,,
10234,Invoice.account,Reference ke Account,Referensi pada elemen Invoice.account harus mengarah ke resource Account.,10 Desember 2025,v2.0,,
10236,Invoice.chargeItemRefrence,Reference ke ChargeItem,Referensi pada elemen Invoice.chargeItemRefrence harus mengarah ke resource ChargeItem.,10 Desember 2025,v2.0,,
10233,Invoice.issuer,Reference ke Organization,Referensi pada elemen Invoice.issuer harus mengarah ke resource Organization.,10 Desember 2025,v2.0,,
10811,Invoice.lineItem.priceComponent.amount.currency,urn:iso:std:iso:4217,Nilai pada elemen Invoice.lineItem.priceComponent.amount.currency dapat diisi dengan kode 'IDR' sesuai standar ISO 4217.,10 Desember 2025,v2.0,,
10811,Invoice.lineItem.priceComponent.amount.value,"Tipe data decimal, contoh: 52000","Nilai pada elemen Invoice.lineItem.priceComponent.amount.value harus valid sesuai aturan: Tipe data decimal, contoh: 52000.",10 Desember 2025,v2.0,,
10513,Invoice.lineItem.priceComponent.code,http://terminology.kemkes.go.id/CodeSystem/kptl,"Data harus menggunakan codesystem yang sesuai, lihat Dokumen Lampiran Standar Terminologi SATUSEHAT Lihat sub-bab Invoice.lineItem.priceComponent.code ",10 Desember 2025,v2.0,,
10513,Invoice.lineItem.priceComponent.code,http://sys-ids.kemkes.go.id/kfa,Data harus menggunakan Kode Invoice.lineItem.priceComponent.code dapat diisi dengan kode KFA sesuai dengan use case masing-masing. Untuk keterangan lebih lanjut dapat melihat dalam playbook masing-masing usecase.,10 Desember 2025,v2.0,,
10231,Invoice.subject,Reference ke Patient,Referensi pada elemen Invoice.subject harus mengarah ke resource Patient.,10 Desember 2025,v2.0,,
10812,Invoice.totalNet.currency,urn:iso:std:iso:4217,Nilai pada elemen Invoice.totalNet.currency dapat diisi dengan kode 'IDR' sesuai standar ISO 4217.,10 Desember 2025,v2.0,,
10812,Invoice.totalNet.value,"Tipe data decimal, contoh: 52000","Nilai pada elemen Invoice.totalNet.value harus valid sesuai aturan: Tipe data decimal, contoh: 52000.",10 Desember 2025,v2.0,,
10101,Location.address.type,http://hl7.org/fhir/address-type,"Data harus menggunakan codesystem yang sesuai, lihat Dokumen Lampiran Standar Terminologi SATUSEHAT Lihat sub-bab Location.address.type",14 Maret 2024,v1.0,,
10100,Location.address.use,http://hl7.org/fhir/address-use,"Data harus menggunakan codesystem yang sesuai, lihat Dokumen Lampiran Standar Terminologi SATUSEHAT Lihat sub-bab Location.address.use",14 Maret 2024,v1.0,,
10163,Location.extension.serviceClass,http://terminology.kemkes.go.id/CodeSystem/locationServiceClass,"Data harus menggunakan codesystem yang sesuai, lihat Dokumen Lampiran Standar Terminologi SATUSEHAT Lihat sub-bab Location.extension.serviceClass",14 Maret 2024,v1.0,,
10447,Location.identifier,http://sys-ids.kemkes.go.id/location/{{org-id}} ,Data harus menggunakan codesystem http://sys-ids.kemkes.go.id/location/{{org-id}}  dengan {{org-id}} adalah Organization ID faskes,14 Maret 2024,v1.0,,
10097,Location.mode,http://hl7.org/fhir/location-mode,"Data harus menggunakan codesystem yang sesuai, lihat Dokumen Lampiran Standar Terminologi SATUSEHAT Lihat sub-bab Location.mode",14 Maret 2024,v1.0,,
10096,Location.operationalStatus,http://terminology.hl7.org/CodeSystem/v2-0116,"Data harus menggunakan codesystem yang sesuai, lihat Dokumen Lampiran Standar Terminologi SATUSEHAT Lihat sub-bab Location.operationalStatus",14 Maret 2024,v1.0,,
10171,Location.operationalStatus,http://terminology.hl7.org/CodeSystem/v2-0116,"Data harus menggunakan codesystem yang sesuai, lihat Dokumen Lampiran Standar Terminologi SATUSEHAT Lihat sub-bab Location.operationalStatus",14 Maret 2024,v1.0,,
10102,Location.physicalType,"http://terminology.hl7.org/CodeSystem/location-physical-type
http://terminology.kemkes.go.id/CodeSystem/location-physical-type","Data harus menggunakan codesystem yang sesuai, lihat Dokumen Lampiran Standar Terminologi SATUSEHAT Lihat sub-bab Location.physicalType",14 Maret 2024,v1.0,,
10095,Location.status,http://hl7.org/fhir/location-status,"Data harus menggunakan codesystem yang sesuai, lihat Dokumen Lampiran Standar Terminologi SATUSEHAT Lihat sub-bab Location.status",14 Maret 2024,v1.0,,
10098,Location.telecom.system,http://hl7.org/fhir/contact-point-system,"Data harus menggunakan codesystem yang sesuai, lihat Dokumen Lampiran Standar Terminologi SATUSEHAT Lihat sub-bab Location.telecom[i].system",14 Maret 2024,v1.0,,
10099,Location.telecom.use,http://hl7.org/fhir/contact-point-use,"Data harus menggunakan codesystem yang sesuai, lihat Dokumen Lampiran Standar Terminologi SATUSEHAT Lihat sub-bab Location.telecom[i].use",14 Maret 2024,v1.0,,
10172,Location.type,http://terminology.hl7.org/CodeSystem/v3-RoleCode,"Data harus menggunakan codesystem yang sesuai, lihat Dokumen Lampiran Standar Terminologi SATUSEHAT Lihat sub-bab Location.type",14 Maret 2024,v1.0,,
10172,Location.type,http://terminology.kemkes.go.id/CodeSystem/location-type,"Data harus menggunakan codesystem yang sesuai, lihat Dokumen Lampiran Standar Terminologi SATUSEHAT Lihat sub-bab Location.type",14 Maret 2024,v1.0,,
10310,Medication.batch.expirationDate,dateTime,Data harus menggunakan format datetime,14 Maret 2024,v1.0,,
10309,Medication.batch.lotnumber,"data string, gabungan alphabet dan numerik. Contoh : 1625042A",Input data tipe string,14 Maret 2024,v1.0,,
10024,Medication.code,http://sys-ids.kemkes.go.id/kfa,Data harus menggunakan kode obat yang tersedia pada KFA (kamus farmasi dan alat kesehatan). Pengisian kode KFA tergantung jenis obat yang diresepkan atau dikeluarkan tergantung apakah dalam bentuk produk obat template (92xxxxxx) atau produk obat aktual (93xxxxxx). Daftar kode obat KFA dapat dilihat dalam browser kamus KFA pada link berikut : https://dto.kemkes.go.id/kfa-browser.,14 Maret 2024,v1.0,,
10024,Medication.code,http://snomed.info/sct,Nilai pada elemen Medication.code harus diisi menggunakan kode yang valid dari sistem terminologi http://snomed.info/sct.,10 Desember 2025,v2.0,,
10031,Medication.extension.valueCodableConcept.coding,http://terminology.kemkes.go.id/CodeSystem/medication-type,"Data harus menggunakan codesystem yang sesuai, lihat Dokumen Lampiran Standar Terminologi SATUSEHAT Lihat sub-bab Medication.extension.valueCodableConcept.coding",14 Maret 2024,v1.0,,
10025,Medication.form,http://terminology.kemkes.go.id/CodeSystem/medication-form,"Data harus menggunakan codesystem yang sesuai, lihat Dokumen Lampiran Standar Terminologi SATUSEHAT Lihat sub-bab Medication.form",14 Maret 2024,v1.0,,
10380,Medication.identifier,not null,Data harus terisi (tidak boleh kosong),14 Maret 2024,v1.0,,
10030,Medication.ingredient.itemCodableConcept.coding,http://sys-ids.kemkes.go.id/kfa,"Data harus menggunakan codesystem yang sesuai, lihat Dokumen Lampiran Standar Terminologi SATUSEHAT Lihat sub-bab Medication.ingredient.itemCodableConcept.coding",14 Maret 2024,v1.0,,
10028,Medication.ingredient.strength.denominator,http://snomed.info/sct,"Data harus menggunakan codesystem yang sesuai, lihat Dokumen Lampiran Standar Terminologi SATUSEHAT Lihat sub-bab Medication.ingredient.strength.denominator",14 Maret 2024,v1.0,,
10028,Medication.ingredient.strength.denominator,http://terminology.hl7.org/CodeSystem/v3-orderableDrugForm,"Data harus menggunakan codesystem yang sesuai, lihat Dokumen Lampiran Standar Terminologi SATUSEHAT Lihat sub-bab Medication.ingredient.strength.denominator",14 Maret 2024,v1.0,,
10028,Medication.ingredient.strength.denominator,http://unitsofmeasure.org,"Data harus menggunakan Kode satuan atau unit dapat menggunakan kode yang disediakan oleh Unified Code for
Units of Measure (UCUM). Daftar kode satuan dapat diakses disini",14 Maret 2024,v1.0,,
10335,Medication.ingredient.strength.denominator.value,http://terminology.hl7.org/CodeSystem/v3-orderableDrugForm,Data type pada path Medication.ingredient.strength.denominator.value adalah decimal,14 Maret 2024,v1.0,,
10027,Medication.ingredient.strength.numerator,http://unitsofmeasure.org,"Data harus menggunakan Kode satuan atau unit dapat menggunakan kode yang disediakan oleh Unified Code for
Units of Measure (UCUM). Daftar kode satuan dapat diakses disini",14 Maret 2024,v1.0,,
10334,Medication.ingredient.strength.numerator.value,http://unitsofmeasure.org,Data type pada path Medication.ingredient.strength.numerator.value adalah decimal,14 Maret 2024,v1.0,,
10391,Medication.manufacturer ,Organization/{{org-id}},"Data Medication.manufacturer diisi dengan Reference merujuk pada data yang tersimpan di resource Organization, yang menyimpan data pabrik obat.",14 Maret 2024,v1.0,,
10026,Medication.status,http://hl7.org/fhir/CodeSystem/medication-status,"Data harus menggunakan codesystem yang sesuai, lihat Dokumen Lampiran Standar Terminologi SATUSEHAT Lihat sub-bab Medication.status",14 Maret 2024,v1.0,,
10849,MedicationAdministration.category,http://terminology.hl7.org/CodeSystem/medication-admin-category,Nilai pada elemen MedicationAdministration.category harus diisi menggunakan kode yang valid dari sistem terminologi http://terminology.hl7.org/CodeSystem/medication-admin-category.,10 Desember 2025,v2.0,,
10760,MedicationAdministration.context,Reference ke Encounter,Referensi pada elemen MedicationAdministration.context harus mengarah ke resource Encounter.,10 Desember 2025,v2.0,,
10852,MedicationAdministration.dosage.dose,http://terminology.hl7.org/CodeSystem/v3-orderableDrugForm,Nilai pada elemen MedicationAdministration.dosage.dose harus diisi menggunakan kode yang valid dari sistem terminologi http://terminology.hl7.org/CodeSystem/v3-orderableDrugForm.,10 Desember 2025,v2.0,,
10852,MedicationAdministration.dosage.dose,http://snomed.info/sct,Nilai pada elemen MedicationAdministration.dosage.dose harus diisi menggunakan kode yang valid dari sistem terminologi http://snomed.info/sct.,10 Desember 2025,v2.0,,
10852,MedicationAdministration.dosage.dose,https://terminology.kemkes.go.id/CodeSystem/smallest-logistic-unit,"Data harus menggunakan codesystem yang sesuai, lihat Dokumen Lampiran Standar Terminologi SATUSEHAT Lihat sub-bab MedicationAdministration.dosage.dose",10 Desember 2025,v2.0,,
10852,MedicationAdministration.dosage.dose.code,http://unitsofmeasure.org,Nilai pada elemen MedicationAdministration.dosage.dose.code harus sesuai dengan sistem http://unitsofmeasure.org.,10 Desember 2025,v2.0,,
10769,MedicationAdministration.dosage.dose.value,decimal,Nilai pada elemen MedicationAdministration.dosage.dose.value harus berupa tipe data decimal.,10 Desember 2025,v2.0,,
10768,MedicationAdministration.dosage.method,http://snomed.info/sct,Nilai pada elemen MedicationAdministration.dosage.method harus diisi menggunakan kode yang valid dari sistem terminologi http://snomed.info/sct.,10 Desember 2025,v2.0,,
10774,MedicationAdministration.dosage.rateQuantity.value,decimal,Nilai pada elemen MedicationAdministration.dosage.rateQuantity.value harus berupa tipe data decimal.,10 Desember 2025,v2.0,,
10772,MedicationAdministration.dosage.rateRatio.denominator.system,http://unitsofmeasure.org,Nilai pada elemen MedicationAdministration.dosage.rateRatio.denominator.system harus sesuai dengan sistem http://unitsofmeasure.org.,10 Desember 2025,v2.0,,
10773,MedicationAdministration.dosage.rateRatio.denominator.value,decimal,Nilai pada elemen MedicationAdministration.dosage.rateRatio.denominator.value harus berupa tipe data decimal.,10 Desember 2025,v2.0,,
10770,MedicationAdministration.dosage.rateRatio.numerator.system,http://unitsofmeasure.org,"Data harus menggunakan Kode satuan atau unit dapat menggunakan kode yang disediakan oleh Unified Code for
Units of Measure (UCUM). Daftar kode satuan dapat diakses  disini",10 Desember 2025,v2.0,,
10771,MedicationAdministration.dosage.rateRatio.numerator.value,decimal,Nilai pada elemen MedicationAdministration.dosage.rateRatio.numerator.value harus berupa tipe data decimal.,10 Desember 2025,v2.0,,
10767,MedicationAdministration.dosage.route,http://www.whocc.no/atc,Nilai pada elemen MedicationAdministration.dosage.route harus sesuai dengan sistem http://www.whocc.no/atc.,10 Desember 2025,v2.0,,
10766,MedicationAdministration.dosage.site,http://snomed.info/sct,Nilai pada elemen MedicationAdministration.dosage.site harus diisi menggunakan kode yang valid dari sistem terminologi http://snomed.info/sct.,10 Desember 2025,v2.0,,
10761,MedicationAdministration.effectiveDateTime,dateTime,Data harus menggunakan format datetime YYYY-MM-DDThh:mm:ss+00:11,10 Desember 2025,v2.0,,
10851,MedicationAdministration.effectivePeriod.end,dateTime,Data harus menggunakan format datetime YYYY-MM-DDThh:mm:ss+00:16,10 Desember 2025,v2.0,,
10850,MedicationAdministration.effectivePeriod.start,dateTime,Data harus menggunakan format datetime YYYY-MM-DDThh:mm:ss+00:15,10 Desember 2025,v2.0,,
10848,MedicationAdministration.manufacturer,Reference ke Organization,Referensi pada elemen MedicationAdministration.manufacturer harus mengarah ke resource Organization.,10 Desember 2025,v2.0,,
10757,MedicationAdministration.medicationCodeableConcept,http://sys-ids.kemkes.go.id/kfa,Data harus menggunakan Kode MedicationAdministration.medicationCodeableConcept dapat diisi dengan kode KFA sesuai dengan use case masing-masing. Untuk keterangan lebih lanjut dapat melihat dalam playbook masing-masing usecase.,10 Desember 2025,v2.0,,
10758,MedicationAdministration.medicationReference,Reference ke Medication,Referensi pada elemen MedicationAdministration.medicationReference harus mengarah ke resource Medication.,10 Desember 2025,v2.0,,
10756,MedicationAdministration.partOf,Reference ke MedicationAdministration |,Referensi pada elemen MedicationAdministration.partOf harus mengarah ke resource MedicationAdministration |.,10 Desember 2025,v2.0,,
10762,MedicationAdministration.performer.actor,Reference ke Practitioner,Referensi pada elemen MedicationAdministration.performer.actor harus mengarah ke resource Practitioner.,10 Desember 2025,v2.0,,
10763,MedicationAdministration.reasonCode,http://terminology.hl7.org/CodeSystem/reason-medication-given,Nilai pada elemen MedicationAdministration.reasonCode harus diisi menggunakan kode yang valid dari sistem terminologi http://terminology.hl7.org/CodeSystem/reason-medication-given.,10 Desember 2025,v2.0,,
10764,MedicationAdministration.reasonReference,Reference ke Condition | Observation |,Referensi pada elemen MedicationAdministration.reasonReference harus mengarah ke resource Condition | Observation |.,10 Desember 2025,v2.0,,
10765,MedicationAdministration.request,Reference ke MedicationRequest,Referensi pada elemen MedicationAdministration.request harus mengarah ke resource MedicationRequest.,10 Desember 2025,v2.0,,
10755,MedicationAdministration.status,http://terminology.hl7.org/CodeSystem/medication-admin-status,Nilai pada elemen MedicationAdministration.status harus diisi menggunakan kode yang valid dari sistem terminologi http://terminology.hl7.org/CodeSystem/medication-admin-status.,10 Desember 2025,v2.0,,
10759,MedicationAdministration.subject,Reference ke Patient,Referensi pada elemen MedicationAdministration.subject harus mengarah ke resource Patient.,10 Desember 2025,v2.0,,
10394,MedicationDispense.authorizingPrescription,MedicationRequest,Path MedicationDispense.authorizingPrescription diisi dengan reference yang merujuk pada data MedicationRequest dengan nomor ID data medicationrequest yang sudah dikirim sebelumnya,14 Maret 2024,v1.0,,
10048,MedicationDispense.category,http://terminology.hl7.org/fhir/CodeSystem/medicationdispense-category,"Data harus menggunakan codesystem yang sesuai, lihat Dokumen Lampiran Standar Terminologi SATUSEHAT Lihat sub-bab MedicationDispense.category",14 Maret 2024,v1.0,,
10390,MedicationDispense.context,Encounter,Path MedicationDispense.context wajib diisi dan merujuk pada resource Encounter yang sudah dikirim sebelumnya,14 Maret 2024,v1.0,,
10051,MedicationDispense.daysSupply.code,http://unitsofmeasure.org,"Data harus menggunakan Kode satuan atau unit dapat menggunakan kode yang disediakan oleh Unified Code for
Units of Measure (UCUM). Daftar kode satuan dapat diakses disini",14 Maret 2024,v1.0,,
10350,MedicationDispense.daysSupply.value,http://unitsofmeasure.org,"Data harus menggunakan Kode satuan atau unit dapat menggunakan kode yang disediakan oleh Unified Code for
Units of Measure (UCUM). Daftar kode satuan dapat diakses disini",14 Maret 2024,v1.0,,
10054,MedicationDispense.dosageInstruction.additionalInstruction,http://snomed.info/sct,Data harus menggunakan Kode dapat diisi dengan kode SNOMED-CT. Ruang lingkup kode SNOMED CT versi Desember 2022 yang dapat dipakai : Expression Constraint Language (ECL) Query : < 419492006 |Additional dosage instructions (qualifier value)| Contoh daftar kode SNOMED CT yang dapat digunakan dapat diakses disini,14 Maret 2024,v1.0,,
10357,MedicationDispense.dosageInstruction.doseAndRate.doseQuantity.code,http://terminology.hl7.org/CodeSystem/v3-orderableDrugForm,"Data harus menggunakan codesystem yang sesuai, lihat Dokumen Lampiran Standar Terminologi SATUSEHAT Lihat sub-bab MedicationDispense.dosageInstruction[i].doseAndRate.doseQuantity",14 Maret 2024,v1.0,,
10357,MedicationDispense.dosageInstruction.doseAndRate.doseQuantity.code,http://snomed.info/sct,Nilai pada elemen MedicationDispense.dosageInstruction.doseAndRate.doseQuantity.code harus diisi menggunakan kode yang valid dari sistem terminologi http://snomed.info/sct.,10 Desember 2025,v2.0,,
10356,MedicationDispense.dosageInstruction.doseAndRate.doseQuantity.value,"data numerik, contoh: 1, 60, tidak bisa (-)","Data input harus numerik dan tidak bisa diisi ""-""",14 Maret 2024,v1.0,,
10053,MedicationDispense.dosageInstruction.doseAndRate.type,http://terminology.hl7.org/CodeSystem/dose-rate-type,"Data harus menggunakan codesystem yang sesuai, lihat Dokumen Lampiran Standar Terminologi SATUSEHAT Lihat sub-bab MedicationDispense.dosageInstruction.doseAndRate.type",14 Maret 2024,v1.0,,
10057,MedicationDispense.dosageInstruction.doseAndRate.type,http://terminology.hl7.org/CodeSystem/dose-rate-type,"Data harus menggunakan codesystem yang sesuai, lihat Dokumen Lampiran Standar Terminologi SATUSEHAT Lihat sub-bab MedicationDispense.dosageInstruction.doseAndRate.type",14 Maret 2024,v1.0,,
10056,MedicationDispense.dosageInstruction.route,http://www.whocc.no/atc,"Data harus menggunakan codesystem yang sesuai, lihat Dokumen Lampiran Standar Terminologi SATUSEHAT Lihat sub-bab MedicationDispense.dosageInstruction.route",14 Maret 2024,v1.0,,
10353,MedicationDispense.dosageInstruction.sequence,"data numerik, contoh: 1, 60, tidak bisa (-)","Data input harus numerik dan tidak bisa diisi ""-""",14 Maret 2024,v1.0,,
10784,MedicationDispense.dosageInstruction.site,http://snomed.info/sct,Nilai pada elemen MedicationDispense.dosageInstruction.site harus diisi menggunakan kode yang valid dari sistem terminologi http://snomed.info/sct.,10 Desember 2025,v2.0,,
10055,MedicationDispense.dosageInstruction.timing.code,http://terminology.hl7.org/CodeSystem/v3-GTSAbbreviation,"Data harus menggunakan codesystem yang sesuai, lihat Dokumen Lampiran Standar Terminologi SATUSEHAT Lihat sub-bab MedicationDispense.dosageInstruction[i].timing.c
ode",14 Maret 2024,v1.0,,
10052,MedicationDispense.dosageInstruction.timing.periodUnit,http://unitsofmeasure.org,"Data harus menggunakan Kode satuan atau unit dapat menggunakan kode yang disediakan oleh Unified Code for
Units of Measure (UCUM). Daftar kode satuan dapat diakses disini",14 Maret 2024,v1.0,,
10354,MedicationDispense.dosageInstruction.timing.repeat.frequency,"data numerik, contoh: 1, 60, tidak bisa (-)","Data input harus numerik dan tidak bisa diisi ""-""",14 Maret 2024,v1.0,,
10355,MedicationDispense.dosageInstruction.timing.repeat.period,"data numerik, contoh: 1, 60, tidak bisa (-)","Data input harus numerik dan tidak bisa diisi ""-""",14 Maret 2024,v1.0,,
10058,MedicationDispense.dosageInstruction.timing.repeat.when,http://hl7.org/fhir/ValueSet/event-timing,"Data harus menggunakan codesystem yang sesuai, lihat Dokumen Lampiran Standar Terminologi SATUSEHAT Lihat sub-bab MedicationDispense.dosageInstruction[i].timing.repeat.when",14 Maret 2024,v1.0,,
10389,MedicationDispense.identifier,not null,Data harus terisi (tidak boleh kosong),14 Maret 2024,v1.0,,
10389,MedicationDispense.identifier,http://terminology.kemkes.go.id/CodeSystem/coverage-type,"Data harus menggunakan codesystem yang sesuai, lihat Dokumen Lampiran Standar Terminologi SATUSEHAT Lihat sub-bab MedicationDispense.identifier",10 Desember 2025,v2.0,,
10389,MedicationDispense.identifier,http://sys-ids.kemkes.go.id/claim-number/{{org_id}},Data harus menggunakan codesystem http://sys-ids.kemkes.go.id/claim-number/{{org_id}} dengan {{org_id}} adalah Organization ID faskes,10 Desember 2025,v2.0,,
10389,MedicationDispense.identifier,http://sys-ids.kemkes.go.id/prescription/{{org_id}},Data harus menggunakan codesystem http://sys-ids.kemkes.go.id/prescription/{{org_id}} adalah Organization ID faskes,10 Desember 2025,v2.0,,
10389,MedicationDispense.identifier,http://sys-ids.kemkes.go.id/prescription-item/{{org_id}},Data harus menggunakan codesystem http://sys-ids.kemkes.go.id/prescription-item/{{org_id}} dengan {{org_id}} adalah Organization ID faskes,10 Desember 2025,v2.0,,
10393,MedicationDispense.location,Location/{{location-id}},Data MedicationDispense.location diisi dengan Reference merujuk pada data Location dengan Location/{{location-id}} adalah ID lokasi yang sudah dikirim sebelumnya,14 Maret 2024,v1.0,,
10138,MedicationDispense.medication,not null,Data harus terisi (tidak boleh kosong),14 Maret 2024,v1.0,,
10138,MedicationDispense.medicationReference,Medication/{{medication-id}},Data MedicationDispense.medicationReference wajib terisi dengan Reference yang merujuk pada data Medication dan {medication-id}} adalah ID data medication yang sudah dikirim sebelumnya,14 Maret 2024,v1.0,,
10392,MedicationDispense.performer ,Practitioner/{practitioner-ihs-number},Path MedicationDispense.performer diisi dengan Reference yang merujuk pada data Practitioner dan {practitioner-ihs-number} adalah nomor ID tenaga kesehatan yang didapatkan dari Master Nakes Indeks.,14 Maret 2024,v1.0,,
10050,MedicationDispense.quantity.code,http://terminology.hl7.org/CodeSystem/v3-orderableDrugForm,"Data harus menggunakan codesystem yang sesuai, lihat Dokumen Lampiran Standar Terminologi SATUSEHAT Lihat sub-bab MedicationDispense.quantity.code",14 Maret 2024,v1.0,,
10049,MedicationDispense.status,http://terminology.hl7.org/CodeSystem/medicationdispense-status,"Data harus menggunakan codesystem yang sesuai, lihat Dokumen Lampiran Standar Terminologi SATUSEHAT Lihat sub-bab MedicationDispense.status",14 Maret 2024,v1.0,,
10049,MedicationDispense.status,not null,Data harus terisi (tidak boleh kosong),14 Maret 2024,v1.0,,
10139,MedicationDispense.subject,not null,Data harus terisi (tidak boleh kosong),14 Maret 2024,v1.0,,
10674,MedicationDispense.substitution.reason.coding,"http://terminology.hl7.org/CodeSystem/v3-ActReason
http://terminology.kemkes.go.id
","Data harus menggunakan codesystem yang sesuai, lihat Dokumen Lampiran Standar Terminologi SATUSEHAT Lihat sub-bab MedicationDispense.substitution.reason.coding ",10 Desember 2025,v2.0,,
10676,MedicationDispense.substitution.responsibleParty,Reference ke Practitioner,Referensi pada elemen MedicationDispense.substitution.responsibleParty harus mengarah ke resource Practitioner.,10 Desember 2025,v2.0,,
10675,MedicationDispense.substitution.type.coding,http://terminology.hl7.org/CodeSystem/v3-substanceAdminSubstitution,Nilai pada elemen MedicationDispense.substitution.type.coding harus diisi menggunakan kode yang valid dari sistem terminologi http://terminology.hl7.org/CodeSystem/v3-substanceAdminSubstitution.,10 Desember 2025,v2.0,,
10352,MedicationDispense.whenHandedOver,datetime,Data harus menggunakan format datetime YYYY-MM-DDThh:mm:ss+00:00,14 Maret 2024,v1.0,,
10351,MedicationDispense.whenPrepared,datetime,Data harus menggunakan format datetime YYYY-MM-DDThh:mm:ss+00:00,14 Maret 2024,v1.0,,
10337,MedicationRequest.authoredOn,datetime,Data harus menggunakan format datetime YYYY-MM-DDThh:mm:ss+00:00,14 Maret 2024,v1.0,,
10337,MedicationRequest.authoredOn,not null,Data harus terisi (tidak boleh kosong),10 Desember 2025,v2.0,,
10034,MedicationRequest.category,http://terminology.hl7.org/CodeSystem/medicationrequest-category,"Data harus menggunakan codesystem yang sesuai, lihat Dokumen Lampiran Standar Terminologi SATUSEHAT Lihat sub-bab MedicationRequest.category",14 Maret 2024,v1.0,,
10045,MedicationRequest.courseOfTherapyType,http://terminology.hl7.org/CodeSystem/medicationrequest-course-of-therapy,"Data harus menggunakan codesystem yang sesuai, lihat Dokumen Lampiran Standar Terminologi SATUSEHAT Lihat sub-bab MedicationRequest.courseOfTherapyType",14 Maret 2024,v1.0,,
10042,MedicationRequest.dispenseRequest.dispenseInterval,http://unitsofmeasure.org,"Data harus menggunakan codesystem yang sesuai, lihat Dokumen Lampiran Standar Terminologi SATUSEHAT Lihat sub-bab MedicationRequest.dispenseRequest.dispenseInterval",14 Maret 2024,v1.0,,
10344,MedicationRequest.dispenseRequest.dispenseInterval.value,"data numerik, mulai dari 0","Data input harus numerik dan tidak bisa diisi ""-""",14 Maret 2024,v1.0,,
10043,MedicationRequest.dispenseRequest.expectedSupplyDuration,http://unitsofmeasure.org,"Data harus menggunakan codesystem yang sesuai, lihat Dokumen Lampiran Standar Terminologi SATUSEHAT Lihat sub-bab MedicationRequest.dispenseRequest.expectedSupplyDuration",14 Maret 2024,v1.0,,
10347,MedicationRequest.dispenseRequest.expectedSupplyDuration.value,"data numerik, mulai dari 0","Data input harus numerik dan tidak bisa diisi ""-""",14 Maret 2024,v1.0,,562
10041,MedicationRequest.dispenseRequest.initialFill.duration,http://unitsofmeasure.org,Data harus menggunakan Kode satuan atau unit dapat menggunakan kode yang disediakan oleh Unified Code for Units of Measure (UCUM) untuk satuan waktu.,14 Maret 2024,v1.0,,
10345,MedicationRequest.dispenseRequest.numberOfRepeatsAllowed,"data numerik, mulai dari 0","Data input harus numerik dan tidak bisa diisi ""-""",14 Maret 2024,v1.0,,
10453,MedicationRequest.dispenseRequest.performer,Organization/{{org-id}},Data MedicationRequest.dispenseRequest.performer wajib terisi dengan Reference yang merujuk pada data Organization dengan {{org-id}} adalah Organization ID faskes,14 Maret 2024,v1.0,,
10348,MedicationRequest.dispenseRequest.quantity.code,http://snomed.info/sct,"Data harus menggunakan codesystem yang sesuai, lihat Dokumen Lampiran Standar Terminologi SATUSEHAT Lihat sub-bab MedicationRequest.dispenseRequest.quantity",14 Maret 2024,v1.0,,
10348,MedicationRequest.dispenseRequest.quantity.code,http://terminology.hl7.org/CodeSystem/v3-orderableDrugForm,"Data harus menggunakan codesystem yang sesuai, lihat Dokumen Lampiran Standar Terminologi SATUSEHAT Lihat sub-bab MedicationRequest.dispenseRequest.quantity",14 Maret 2024,v1.0,,
10348,MedicationRequest.dispenseRequest.quantity.code,http://unitsofmeasure.org,"Data harus menggunakan codesystem yang sesuai, lihat Dokumen Lampiran Standar Terminologi SATUSEHAT Lihat sub-bab MedicationRequest.dispenseRequest.quantity",14 Maret 2024,v1.0,,
10346,MedicationRequest.dispenseRequest.quantity.value,"data numerik, mulai dari 0","Data input harus numerik dan tidak bisa diisi ""-""",14 Maret 2024,v1.0,,
10339,MedicationRequest.dispenseRequest.validityPeriod.end,datetime,Data harus menggunakan format datetime YYYY-MM-DDThh:mm:ss+00:00,14 Maret 2024,v1.0,,
10338,MedicationRequest.dispenseRequest.validityPeriod.start,datetime,Data harus menggunakan format datetime YYYY-MM-DDThh:mm:ss+00:00,14 Maret 2024,v1.0,,
10047,MedicationRequest.dosageInstruction.additionalInstruction.coding.code,http://snomed.info/sct,"Data harus menggunakan Kode dapat diisi dengan kode SNOMED-CT. Ruang lingkup kode SNOMED CT versi
Desember 2022 yang dapat dipakai : Expression Constraint Language (ECL) Query : < 419492006 |Additional dosage instructions (qualifier value)| Contoh daftar kode SNOMED CT yang dapat digunakan dapat diakses disini",14 Maret 2024,v1.0,,
10349,MedicationRequest.dosageInstruction.doseAndRate.doseQuantity.code ,http://terminology.hl7.org/CodeSystem/v3-orderableDrugForm dan http://unitsofmeasure.org,"Data harus menggunakan codesystem yang sesuai, lihat Dokumen Lampiran Standar Terminologi SATUSEHAT Lihat sub-bab MedicationRequest.dosageInstruction[i].doseAndRate.doseQuantity",14 Maret 2024,v1.0,,
10343,MedicationRequest.dosageInstruction.doseAndRate.doseQuantity.value ,"data numerik, mulai dari 0","Data input harus numerik dan tidak bisa diisi ""-""",14 Maret 2024,v1.0,,
10039,MedicationRequest.dosageInstruction.doseAndRate.type,http://terminology.hl7.org/CodeSystem/dose-rate-type,"Data harus menggunakan codesystem yang sesuai, lihat Dokumen Lampiran Standar Terminologi SATUSEHAT Lihat sub-bab MedicationRequest.dosageInstruction.doseAndRate.type",14 Maret 2024,v1.0,,
10040,MedicationRequest.dosageInstruction.method,http://snomed.info/sct,"Data harus menggunakan codesystem yang sesuai, lihat Dokumen Lampiran Standar Terminologi SATUSEHAT Lihat sub-bab MedicationRequest.dosageInstruction.method",14 Maret 2024,v1.0,,
10038,MedicationRequest.dosageInstruction.route,http://www.whocc.no/atc,"Data harus menggunakan codesystem yang sesuai, lihat Dokumen Lampiran Standar Terminologi SATUSEHAT Lihat sub-bab MedicationRequest.dosageInstruction.route",14 Maret 2024,v1.0,,
10340,MedicationRequest.dosageInstruction.sequence,"data numerik, mulai dari 0","Data input harus numerik dan tidak bisa diisi ""-""",14 Maret 2024,v1.0,,
10037,MedicationRequest.dosageInstruction.site,http://snomed.info/sct,"Data harus menggunakan Kode SNOMED CT yang sesuai, lihat Dokumen Lampiran Standar Terminologi SATUSEHAT Lihat sub-bab MedicationRequest.dosageInstruction.site",14 Maret 2024,v1.0,,
10046,MedicationRequest.dosageInstruction.timing.code,http://terminology.hl7.org/CodeSystem/v3-GTSAbbreviation,"Data harus menggunakan codesystem yang sesuai, lihat Dokumen Lampiran Standar Terminologi SATUSEHAT Lihat sub-bab MedicationRequest.dosageInstruction[i].timing.co
de",14 Maret 2024,v1.0,,
10036,MedicationRequest.dosageInstruction.timing.periodUnit,http://unitsofmeasure.org,"Data harus menggunakan codesystem yang sesuai, lihat Dokumen Lampiran Standar Terminologi SATUSEHAT Lihat sub-bab MedicationRequest.dosageInstruction.timing.periodUnit",14 Maret 2024,v1.0,,
10341,MedicationRequest.dosageInstruction.timing.repeat.frequency,"data numerik, mulai dari 0","Data input harus numerik dan tidak bisa diisi ""-""",14 Maret 2024,v1.0,,
10342,MedicationRequest.dosageInstruction.timing.repeat.period,"data numerik, mulai dari 0","Data input harus numerik dan tidak bisa diisi ""-""",14 Maret 2024,v1.0,,
10454,MedicationRequest.encounter,"""Encounter/{Id-resource-Encounter}""",Path MedicationRequest.encounter wajib diisi dan merujuk pada resource Encounter yang sudah dikirim sebelumnya,14 Maret 2024,v1.0,,
10388,MedicationRequest.identifier,not null,Data harus terisi (tidak boleh kosong),14 Maret 2024,v1.0,,
10388,MedicationRequest.identifier,http://sys-ids.kemkes.go.id/prescription-item/{{org_id}},"Data harus menggunakan codesystem http://sys-ids.kemkes.go.id/prescription-item/{{org_id}} 
dengan {{org_id}} adalah Organization ID faskes",10 Desember 2025,v2.0,,
10033,MedicationRequest.intent,http://hl7.org/fhir/CodeSystem/medicationrequest-intent,"Data harus menggunakan codesystem yang sesuai, lihat Dokumen Lampiran Standar Terminologi SATUSEHAT Lihat sub-bab MedicationRequest.intent",14 Maret 2024,v1.0,,
10135,MedicationRequest.medication[x],not null,Data harus terisi (tidak boleh kosong),14 Maret 2024,v1.0,,
10135,MedicationRequest.medicationReference,Reference ke Medication,Path MedicationRequest.medicationReference wajib terisi dan merujuk pada nomor ID Medication yang sudah dikirim sebelumnya,14 Maret 2024,v1.0,,
10044,MedicationRequest.priority,http://hl7.org/fhir/request-priority,"Data harus menggunakan codesystem yang sesuai, lihat Dokumen Lampiran Standar Terminologi SATUSEHAT Lihat sub-bab MedicationRequest.priority",14 Maret 2024,v1.0,,
10035,MedicationRequest.reasonCode,http://hl7.org/fhir/sid/icd-10,"Data harus menggunakan Kode dapat diisi dengan kode ICD-10 versi 2010, cara penulisan lihat Dokumen Lampiran Standar Terminologi SATUSEHAT Lihat sub-bab MedicationRequest.reasonCode",14 Maret 2024,v1.0,,
10455,MedicationRequest.requester,(Practitioner | PractitionerRole | Organization | Patient | Device | RelatedPerson | CareTeam),Path MedicationRequest.requester wajib terisi dan merujuk pada nomor ID resoucer (Practitioner | PractitionerRole | Organization | Patient | Device | RelatedPerson | CareTeam) yang sudah dikirim sebelumnya,14 Maret 2024,v1.0,,
10032,MedicationRequest.status,http://hl7.org/fhir/CodeSystem/medicationrequest-status,"Data harus menggunakan codesystem yang sesuai, lihat Dokumen Lampiran Standar Terminologi SATUSEHAT Lihat sub-bab MedicationRequest.status",14 Maret 2024,v1.0,,
10136,MedicationRequest.subject,not null,Data harus terisi (tidak boleh kosong),14 Maret 2024,v1.0,,
10436,MedicationStatement.category,http://terminology.hl7.org/CodeSystem/medication-statement-category,"Data harus menggunakan codesystem yang sesuai, lihat Dokumen Lampiran Standar Terminologi SATUSEHAT Lihat sub-bab MedicationStatement.category",14 Maret 2024,v1.0,,
10438,MedicationStatement.context,Encounter/{{encounter-id}},Path MedicationStatement.context wajib terisi dengan reference merujuk pada data Encounter dengan {{encounter-id}} adalah nomor ID encounter yang sudah dikirim sebelumnya,14 Maret 2024,v1.0,,
10299,MedicationStatement.dateAsserted,dateTime,Data tidak boleh kosong (harus diisi) dan harus menggunakan format datetime YYYY-MM-DDThh:mm:ss+00:00,14 Maret 2024,v1.0,,
10783,MedicationStatement.dosage.site,http://snomed.info/sct,Nilai pada elemen MedicationStatement.dosage.site harus diisi menggunakan kode yang valid dari sistem terminologi http://snomed.info/sct.,10 Desember 2025,v2.0,,
10437,MedicationStatement.dosage.timing.periodUnit,http://unitsofmeasure.org,Data harus menggunakan Kode satuan atau unit dapat menggunakan kode yang disediakan oleh Unified Code for Units of Measure (UCUM) untuk satuan waktu.,14 Maret 2024,v1.0,,
10445,MedicationStatement.identifier,http://sys-ids.kemkes.go.id/medicationstatement/{{org-id}} ,Data harus menggunakan codesystem http://sys-ids.kemkes.go.id/medicationstatement/{{org-id}}  dengan {{org-id}} adalah Organization ID faskes,14 Maret 2024,v1.0,,
10439,MedicationStatement.informationSource ,Reference ke resource Patient | Practitioner | PractitionerRole | RelatedPerson | Organization.,Path MedicationStatement.informationSource wajib terisi dan merujuk pada resource (Patient | Practitioner | PractitionerRole | RelatedPerson | Organization) yang sudah dikirim sebelumnya,14 Maret 2024,v1.0,,
10160,MedicationStatement.medication[x],MedicationStatement.medication[x],"Data medication[x] wajib dikirimkan untuk resource MedicationStatement, lihat ketentuan MedicationStatement disini",14 Maret 2024,v1.0,,
10160 / 10433,MedicationStatement.medication[x],not null,Data harus terisi (tidak boleh kosong),14 Maret 2024,v1.0,,
10433,MedicationStatement.medicationCodeableConcept,http://sys-ids.kemkes.go.id/kfa,Data harus menggunakan Kode MedicationStatement.medicationCodeableConcept dapat diisi dengan kode KFA sesuai dengan use case masing-masing. Untuk keterangan lebih lanjut dapat melihat dalam playbook masing-masing usecase.,14 Maret 2024,v1.0,,
10433,MedicationStatement.medicationCodeableConcept,http://snomed.info/sct,Nilai pada elemen MedicationStatement.medicationCodeableConcept harus diisi menggunakan kode yang valid dari sistem terminologi http://snomed.info/sct.,10 Desember 2025,v2.0,,
10159,MedicationStatement.status,not null,Data harus terisi (tidak boleh kosong),14 Maret 2024,v1.0,,
10161,MedicationStatement.subject,not null,Data harus terisi (tidak boleh kosong),14 Maret 2024,v1.0,,
10828,NutritionOrder.excludeFoodModifier,http://snomed.info/sct,Nilai pada elemen NutritionOrder.excludeFoodModifier harus diisi menggunakan kode yang valid dari sistem terminologi http://snomed.info/sct.,10 Desember 2025,v2.0,,
10827,NutritionOrder.foodPreferenceModifier,http://terminology.hl7.org/CodeSystem/diet,Nilai pada elemen NutritionOrder.foodPreferenceModifier harus diisi menggunakan kode yang valid dari sistem terminologi http://terminology.hl7.org/CodeSystem/diet.,10 Desember 2025,v2.0,,
10011,Observation.bodySite,http://snomed.info/sct,"Data harus menggunakan codesystem yang sesuai, lihat Dokumen Lampiran Standar Terminologi SATUSEHAT Lihat sub-bab Observation.bodySite",14 Maret 2024,v1.0,,
10009,Observation.category,http://terminology.hl7.org/CodeSystem/observation-category,"Data harus menggunakan codesystem yang sesuai, lihat Dokumen Lampiran Standar Terminologi SATUSEHAT Lihat sub-bab Observation.category",14 Maret 2024,v1.0,,
10010,Observation.code,ANC,"Data harus menggunakan codesystem yang sesuai, lihat Dokumen Lampiran Standar Terminologi SATUSEHAT Lihat sub-bab Observation.code",14 Maret 2024,v1.0,,
10010,Observation.code,http://loinc.org,"Data harus menggunakan codesystem yang sesuai, lihat Dokumen Lampiran Standar Terminologi SATUSEHAT Lihat sub-bab Observation.code dan Akses playbook secara lengkap disini.",14 Maret 2024,v1.0,,
10010,Observation.code,http://snomed.info/sct,"Data harus menggunakan codesystem yang sesuai, lihat Dokumen Lampiran Standar Terminologi SATUSEHAT Lihat sub-bab Observation.code dan Akses playbook secara lengkap disini.",14 Maret 2024,v1.0,,
10010,Observation.code,http://terminology.kemkes.go.id/CodeSystem/examination,"Data harus menggunakan codesystem yang sesuai, lihat Dokumen Lampiran Standar Terminologi SATUSEHAT Lihat sub-bab Observation.code dan Akses playbook secara lengkap disini.",14 Maret 2024,v1.0,,
10010,Observation.code.coding,http://terminology.kemkes.go.id,"Data harus menggunakan codesystem yang sesuai, lihat Dokumen Lampiran Standar Terminologi SATUSEHAT Lihat sub-bab Observation.code.coding",10 Desember 2025,v2.0,,
10434,Observation.component.code,"http://snomed.info/sct
http://terminology.kemkes.go.id/CodeSystem/examination","Data harus menggunakan codesystem yang sesuai, lihat Dokumen Lampiran Standar Terminologi SATUSEHAT Lihat sub-bab Observation.component.code",14 Maret 2024,v1.0,,
10434,Observation.component.code,http://terminology.kemkes.go.id,"Data harus menggunakan codesystem yang sesuai, lihat Dokumen Lampiran Standar Terminologi SATUSEHAT Lihat sub-bab Observation.component.code ",10 Desember 2025,v2.0,,
10434,Observation.component.code.coding,http://terminology.kemkes.go.id,"Data harus menggunakan codesystem yang sesuai, lihat Dokumen Lampiran Standar Terminologi SATUSEHAT Lihat sub-bab Observation.component.code.coding",10 Desember 2025,v2.0,,
10435,Observation.component.valueCodeableConcept,"http://terminology.kemkes.go.id
http://terminology.kemkes.go.id/CodeSystem/icd-10-mm
http://terminology.kemkes.go.id/CodeSystem/icd-10-pm","Data harus menggunakan codesystem yang sesuai, lihat Dokumen Lampiran Standar Terminologi SATUSEHAT Lihat sub-bab Observation.component.valueCodeableConcept",10 Desember 2025,v2.0,,
10435,⁠Observation.component.valueCodeableConcept ,"http://snomed.info/sct
http://terminology.kemkes.go.id/CodeSystem/examination
http://terminology.kemkes.go.id/CodeSystem/clinical-term","Data harus menggunakan codesystem yang sesuai, lihat Dokumen Lampiran Standar Terminologi SATUSEHAT Lihat sub-bab Observation.component.valueCodeableConcept",14 Maret 2024,v1.0,,
10862,Observation.component.valueQuantity.code,http://unitsofmeasure.org,Nilai pada elemen Observation.component.valueQuantity.code harus sesuai dengan sistem http://unitsofmeasure.org.,10 Desember 2025,v2.0,,
10332,Observation.component.valueQuantity.value,http://unitsofmeasure.org,"Data harus menggunakan codesystem yang sesuai, lihat Dokumen Lampiran Standar Terminologi SATUSEHAT Lihat sub-bab 5.4 Observation.valueQuantity",14 Maret 2024,v1.0,,
10428,Observation.derivedFrom,Reference to DocumentReference | ImagingStudy | Media | QuestionnaireResponse | Observation | MolecularSequence,Path Observation.derivedFrom diisi dengan Reference yang merujuk pada data DocumentReference | ImagingStudy | Media | QuestionnaireResponse | Observation | MolecularSequence dengan mengacu pada id data terkait,14 Maret 2024,v1.0,,
10295,Observation.effectiveDateTime,datetime,Data harus menggunakan format datetime YYYY-MM-DDThh:mm:ss+00:00,14 Maret 2024,v1.0,,
10130,Observation.encounter,not null,Data harus terisi (tidak boleh kosong),14 Maret 2024,v1.0,,
10861,Observation.hasMember,Reference ke Observation | QuestionnaireResponse,Referensi pada elemen Observation.hasMember harus mengarah ke resource Observation | QuestionnaireResponse.,10 Desember 2025,v2.0,,
10441,Observation.identifier,http://sys-ids.kemkes.go.id/observation/{{org-id}} ,Data harus menggunakan codesystem http://sys-ids.kemkes.go.id/observation/{{org-id}} dengan {{org-id}} adalah Organization ID faskes,14 Maret 2024,v1.0,,
10398,Observation.interpretation,http://terminology.kemkes.go.id/CodeSystem/examination ,"Data harus menggunakan codesystem yang sesuai, lihat Dokumen Lampiran Standar Terminologi SATUSEHAT Lihat sub-bab Observation.interpretation",14 Maret 2024,v1.0,,
10398,Observation.interpretation.coding.code,http://snomed.info/sct,"Data harus menggunakan codesystem yang sesuai, lihat Dokumen Lampiran Standar Terminologi SATUSEHAT Lihat sub-bab Observation.interpretation",14 Maret 2024,v1.0,,
10398,Observation.interpretation.coding.code,http://terminology.hl7.org/CodeSystem/v3-ObservationInterpretation,"Data harus menggunakan codesystem yang sesuai, lihat Dokumen Lampiran Standar Terminologi SATUSEHAT Lihat sub-bab Observation.interpretation",14 Maret 2024,v1.0,,
10398,Observation.interpretation.coding.code,http://loinc.org,Nilai pada elemen Observation.interpretation.coding.code harus diisi menggunakan kode yang valid dari sistem terminologi http://loinc.org.,10 Desember 2025,v2.0,,
10296,Observation.issued,datetime,Data harus menggunakan format datetime YYYY-MM-DDThh:mm:ss+00:00,14 Maret 2024,v1.0,,
10416,Observation.method,http://terminology.kemkes.go.id/CodeSystem/clinical-term,"Data harus menggunakan codesystem yang sesuai, lihat Dokumen Lampiran Standar Terminologi SATUSEHAT Lihat sub-bab Observation.method",14 Maret 2024,v1.0,,
10383,Observation.performer,Practitioner,Path Observation.performer wajib terisi dengan Reference yang merujuk pada data Practitioner dan {practitioner-ihs-number} adalah nomor ID tenaga kesehatan yang didapatkan dari Master Nakes Indeks.,14 Maret 2024,v1.0,,
10381,Observation.referenceRange.high.code,coding http://unitsofmeasure.org,Data Observation.referenceRange.high.code harus menggunakan satuan yang tersedia pada codesystem dari http://unitsofmeasure.org,14 Maret 2024,v1.0,,
10381,Observation.referenceRange.high.code,http://unitsofmeasure.org,Data Observation.referenceRange.high.code harus menggunakan satuan yang tersedia pada codesystem dari http://unitsofmeasure.org,14 Maret 2024,v1.0,,
10368,Observation.referenceRange.high.value,"data numerik, contoh: 1, 60,dst. tidak bisa (-)","Data input harus numerik dan tidak bisa diisi ""-""",14 Maret 2024,v1.0,,
10382,Observation.referenceRange.low.code ,coding http://unitsofmeasure.org,Data Observation.referenceRange.low.code harus menggunakan satuan yang tersedia pada codesystem dari http://unitsofmeasure.org,14 Maret 2024,v1.0,,
10369,Observation.referenceRange.low.value,"data numerik, contoh: 1, 60,dst. tidak bisa (-)","Data input harus numerik dan tidak bisa diisi ""-""",14 Maret 2024,v1.0,,
10008,Observation.status,http://hl7.org/fhir/observation-status,Code,14 Maret 2024,v1.0,,
10129,Observation.subject,not null,Data harus terisi (tidak boleh kosong),14 Maret 2024,v1.0,,
10297,Observation.valueCodeableConcept,http://hl7.org/fhir/sid/icd-10,"Data harus menggunakan codesystem yang sesuai, lihat Dokumen Lampiran Standar Terminologi SATUSEHAT Lihat sub-bab Observation.code dan Akses playbook secara lengkap disini.",14 Maret 2024,v1.0,,
10297,Observation.valueCodeableConcept,http://snomed.info/sct,Kode Observation.valueCodeableConcept dapat diisi dengan kode LOINC maupun kode SNOMED CT sesuai dengan use case masing-masing. Untuk keterangan lebih lanjut dapat melihat dalam playbook masing-masing usecase.,14 Maret 2024,v1.0,,
10297,Observation.valueCodeableConcept,"http://terminology.kemkes.go.id/CodeSystem/clinical-term
http://terminology.kemkes.go.id/CodeSystem/examination
http://terminology.kemkes.go.id/CodeSystem/organization-type",Kode Observation.valueCodeableConcept dapat diisi dengan kode LOINC maupun kode SNOMED CT sesuai dengan use case  masing-masing. Untuk keterangan lebih lanjut dapat melihat dalam playbook masing-masing usecase disini,14 Maret 2024,v1.0,,
10297,Observation.valueCodeableConcept,http://terminology.kemkes.go.id/CodeSystem/tb-case-definition,"Data harus menggunakan codesystem yang sesuai, lihat Dokumen Lampiran Standar Terminologi SATUSEHAT Lihat sub-bab Observation.valueCodeableConcept ",10 Desember 2025,v2.0,,
10297,Observation.valueCodeableConcept.coding,http://terminology.kemkes.go.id,"Data harus menggunakan codesystem yang sesuai, lihat Dokumen Lampiran Standar Terminologi SATUSEHAT Lihat sub-bab Observation.valueCodeableConcept.coding",10 Desember 2025,v2.0,,
10429,Observation.valueDateTime,dateTime,Data harus menggunakan format datetime YYYY-MM-DDThh:mm:ss+00:00,14 Maret 2024,v1.0,,
10012,Observation.valueQuantity.code,http://unitsofmeasure.org,Data Observation.valueQuantity.code harus menggunakan satuan yang tersedia pada codesystem dari http://unitsofmeasure.org dapat dilihat disini,14 Maret 2024,v1.0,,
10331,Observation.valueQuantity.value,http://unitsofmeasure.org,Data harus menggunakan Kode satuan atau unit dapat menggunakan kode yang disediakan oleh Unified Code for Units of Measure (UCUM). Daftar kode satuan dapat diakses disini,14 Maret 2024,v1.0,,
10669,Observation.valueTime,Time,Format waktu pada elemen Observation.valueTime harus berupa time (HH:mm:ss).,10 Desember 2025,v2.0,,
10093,Organization.address.type,http://hl7.org/fhir/address-type,"Data harus menggunakan codesystem yang sesuai, lihat Dokumen Lampiran Standar Terminologi SATUSEHAT Lihat sub-bab Organization.address[i].type ",14 Maret 2024,v1.0,,
10092,Organization.address.use,http://hl7.org/fhir/address-use,"Data harus menggunakan codesystem yang sesuai, lihat Dokumen Lampiran Standar Terminologi SATUSEHAT Lihat sub-bab Organization.address[i].use",14 Maret 2024,v1.0,,
10094,Organization.contact.purpose,http://terminology.hl7.org/CodeSystem/contactentity-type,"Data harus menggunakan codesystem yang sesuai, lihat Dokumen Lampiran Standar Terminologi SATUSEHAT Lihat sub-bab Organization.contact[i].purpose",14 Maret 2024,v1.0,,
10446,Organization.identifier,http://sys-ids.kemkes.go.id/organization/{{org-id}} ,Data harus menggunakan codesystem http://sys-ids.kemkes.go.id/organization/{{org-id}} dengan {{org-id}} adalah Organization ID faskes,14 Maret 2024,v1.0,,
10090,Organization.telecom.system,http://hl7.org/fhir/contact-point-system,"Data harus menggunakan codesystem yang sesuai, lihat Dokumen Lampiran Standar Terminologi SATUSEHAT Lihat sub-bab Organization.telecom[i].system ",14 Maret 2024,v1.0,,
10091,Organization.telecom.use,http://hl7.org/fhir/contact-point-use,"Data harus menggunakan codesystem yang sesuai, lihat Dokumen Lampiran Standar Terminologi SATUSEHAT Lihat sub-bab Organization.telecom[i].use ",14 Maret 2024,v1.0,,
10089,Organization.type,"http://terminology.hl7.org/CodeSystem/organization-type
http://terminology.kemkes.go.id/CodeSystem/organization-type","Data harus menggunakan codesystem yang sesuai, lihat Dokumen Lampiran Standar Terminologi SATUSEHAT Lihat sub-bab Organization.type",14 Maret 2024,v1.0,,
10333,Patient.address,,Value pada path Patient.address wajib diisi pada pengiriman resource Patient,14 Maret 2024,v1.0,,
10397,Patient.birthDate,not null,Data harus terisi (tidak boleh kosong),14 Maret 2024,v1.0,,
10413,Patient.gender,not null,Data harus terisi (tidak boleh kosong),14 Maret 2024,v1.0,,
10166,Patient.identifier,not null,Data harus terisi (tidak boleh kosong),14 Maret 2024,v1.0,,
10167,Patient.multipleBirthInteger,not null,Data harus terisi (tidak boleh kosong),14 Maret 2024,v1.0,,
10168,Patient.name.text ,"not null and """"",Data harus terisi (tidak boleh kosong),14 Maret 2024,v1.0,,
10634,PaymentNotice.amount.currency,urn:iso:std:iso:4217,Nilai pada elemen PaymentNotice.amount.currency dapat diisi dengan kode 'IDR' sesuai standar ISO 4217.,10 Desember 2025,v2.0,,
10634,PaymentNotice.amount.value,decimal,Nilai pada elemen PaymentNotice.amount.value harus berupa tipe data decimal.,10 Desember 2025,v2.0,,
10632,PaymentNotice.created,dateTime,Data harus menggunakan format datetime YYYY-MM-DDThh:mm:ss+00:03,10 Desember 2025,v2.0,,
10659,PaymentNotice.payee,Reference ke Organization,Referensi pada elemen PaymentNotice.payee harus mengarah ke resource Organization.,10 Desember 2025,v2.0,,
10635,PaymentNotice.payment,Reference ke PaymentReconciliation,Referensi pada elemen PaymentNotice.payment harus mengarah ke resource PaymentReconciliation.,10 Desember 2025,v2.0,,
10633,PaymentNotice.paymentDate,date,Data harus menggunakan format date YYYY-MM-DD,10 Desember 2025,v2.0,,
10636,PaymentNotice.paymentStatus,http://terminology.hl7.org/CodeSystem/payment-status,Nilai pada elemen PaymentNotice.paymentStatus harus diisi menggunakan kode yang valid dari sistem terminologi http://terminology.hl7.org/CodeSystem/payment-status.,10 Desember 2025,v2.0,,
10660,PaymentNotice.provider,Reference ke Organization,Referensi pada elemen PaymentNotice.provider harus mengarah ke resource Organization.,10 Desember 2025,v2.0,,
10661,PaymentNotice.recipient,Reference ke Organization,Referensi pada elemen PaymentNotice.recipient harus mengarah ke resource Organization.,10 Desember 2025,v2.0,,
10655,PaymentNotice.request,Reference ke Claim dan Invoice,Referensi pada elemen PaymentNotice.request harus mengarah ke resource Claim dan Invoice.,10 Desember 2025,v2.0,,
10656,PaymentNotice.response,Reference ke ClaimResponse,Referensi pada elemen PaymentNotice.response harus mengarah ke resource ClaimResponse.,10 Desember 2025,v2.0,,
10631,PaymentNotice.status,http://hl7.org/fhir/fm-status,Nilai pada elemen PaymentNotice.status harus sesuai dengan sistem http://hl7.org/fhir/fm-status.,10 Desember 2025,v2.0,,
10640,PaymentReconciliation.created,dateTime,Data harus menggunakan format datetime YYYY-MM-DDThh:mm:ss+00:02,10 Desember 2025,v2.0,,
10653,PaymentReconciliation.detail.request,Reference ke Claim dan Invoice,Referensi pada elemen PaymentReconciliation.detail.request harus mengarah ke resource Claim dan Invoice.,10 Desember 2025,v2.0,,
10654,PaymentReconciliation.detail.response,Reference ke ClaimResponse,Referensi pada elemen PaymentReconciliation.detail.response harus mengarah ke resource ClaimResponse.,10 Desember 2025,v2.0,,
10652,PaymentReconciliation.detail.type,http://terminology.hl7.org/CodeSystem/payment-type,Nilai pada elemen PaymentReconciliation.detail.type harus diisi menggunakan kode yang valid dari sistem terminologi http://terminology.hl7.org/CodeSystem/payment-type.,10 Desember 2025,v2.0,,
10642,PaymentReconciliation.disposition,string,Nilai pada elemen PaymentReconciliation.disposition harus berupa tipe data string.,10 Desember 2025,v2.0,,
10641,PaymentReconciliation.outcome,http://hl7.org/fhir/remittance-outcome,Nilai pada elemen PaymentReconciliation.outcome harus sesuai dengan sistem http://hl7.org/fhir/remittance-outcome.,10 Desember 2025,v2.0,,
10644,PaymentReconciliation.paymentAmount.currency,urn:iso:std:iso:4217,Nilai pada elemen PaymentReconciliation.paymentAmount.currency dapat diisi dengan kode 'IDR' sesuai standar ISO 4217.,10 Desember 2025,v2.0,,
10644,PaymentReconciliation.paymentAmount.value,decimal,Nilai pada elemen PaymentReconciliation.paymentAmount.value harus berupa tipe data decimal.,10 Desember 2025,v2.0,,
10643,PaymentReconciliation.paymentDate,date,Data harus menggunakan format date YYYY-MM-DD,10 Desember 2025,v2.0,,
10657,PaymentReconciliation.paymentIssuer,Reference ke Organization,Referensi pada elemen PaymentReconciliation.paymentIssuer harus mengarah ke resource Organization.,10 Desember 2025,v2.0,,
10639,PaymentReconciliation.period.end,dateTime,Data harus menggunakan format datetime YYYY-MM-DDThh:mm:ss+00:01,10 Desember 2025,v2.0,,
10638,PaymentReconciliation.period.start,dateTime,Data harus menggunakan format datetime YYYY-MM-DDThh:mm:ss+00:00,10 Desember 2025,v2.0,,
10646,PaymentReconciliation.processNote.text,string,Nilai pada elemen PaymentReconciliation.processNote.text harus berupa tipe data string.,10 Desember 2025,v2.0,,
10645,PaymentReconciliation.processNote.type,http://hl7.org/fhir/note-type,Nilai pada elemen PaymentReconciliation.processNote.type harus sesuai dengan sistem http://hl7.org/fhir/note-type.,10 Desember 2025,v2.0,,
10658,PaymentReconciliation.requestor,Reference ke Organization,Referensi pada elemen PaymentReconciliation.requestor harus mengarah ke resource Organization.,10 Desember 2025,v2.0,,
10637,PaymentReconciliation.status,http://hl7.org/fhir/fm-status,Nilai pada elemen PaymentReconciliation.status harus sesuai dengan sistem http://hl7.org/fhir/fm-status.,10 Desember 2025,v2.0,,
10938,PractitionerRole.active,Tipe data boolean,Nilai pada elemen PractitionerRole.active harus berupa tipe data boolean.,10 Desember 2025,v2.0,,
10941,PractitionerRole.availableTime.availableEndTime,Tipe data time,Format waktu pada elemen PractitionerRole.availableTime.availableEndTime harus berupa time (HH:mm:ss).,10 Desember 2025,v2.0,,
10940,PractitionerRole.availableTime.availableStartTime,Tipe data time,Format waktu pada elemen PractitionerRole.availableTime.availableStartTime harus berupa time (HH:mm:ss).,10 Desember 2025,v2.0,,
10939,PractitionerRole.availableTime.daysOfWeek,http://hl7.org/fhir/days-of-week,Nilai pada elemen PractitionerRole.availableTime.daysOfWeek harus sesuai dengan sistem http://hl7.org/fhir/days-of-week.,10 Desember 2025,v2.0,,
10933,PractitionerRole.code,http://snomed.info/sct,Nilai pada elemen PractitionerRole.code harus diisi menggunakan kode yang valid dari sistem terminologi http://snomed.info/sct.,10 Desember 2025,v2.0,,
10933,PractitionerRole.code,Mandatory,Elemen PractitionerRole.code wajib diisi.,10 Desember 2025,v2.0,,
10929,PractitionerRole.identifier.assigner,Reference (Organization),Referensi pada elemen PractitionerRole.identifier.assigner harus mengarah ke resource (Organization).,10 Desember 2025,v2.0,,
10930,PractitionerRole.identifier.assigner.display,Tipe data string,Nilai pada elemen PractitionerRole.identifier.assigner.display harus berupa tipe data string.,10 Desember 2025,v2.0,,
10928,PractitionerRole.identifier.period.end,"Tipe data dateTime, future date berlaku",Format tanggal dan waktu pada elemen PractitionerRole.identifier.period.end harus berupa dateTime (YYYY-MM-DDThh:mm:ss+zz:zz).,10 Desember 2025,v2.0,,
10927,PractitionerRole.identifier.period.start,Tipe data dateTime,Format tanggal dan waktu pada elemen PractitionerRole.identifier.period.start harus berupa dateTime (YYYY-MM-DDThh:mm:ss+zz:zz).,10 Desember 2025,v2.0,,
10924,PractitionerRole.identifier.system,https://fhir.kemkes.go.id/id/sip-number,Identifier pada elemen PractitionerRole.identifier.system harus menggunakan sistem https://fhir.kemkes.go.id/id/sip-number.,10 Desember 2025,v2.0,,
10925,PractitionerRole.identifier.use,http://hl7.org/fhir/identifier-use,Nilai pada elemen PractitionerRole.identifier.use harus sesuai dengan sistem http://hl7.org/fhir/identifier-use.,10 Desember 2025,v2.0,,
10926,PractitionerRole.identifier.value,Tipe data string,Nilai pada elemen PractitionerRole.identifier.value harus berupa tipe data string.,10 Desember 2025,v2.0,,
10932,PractitionerRole.organization,Reference ke resource Organization (ID SATUSEHAT Organization - Fasyankes),Referensi pada elemen PractitionerRole.organization harus mengarah ke resource resource Organization (ID SATUSEHAT Organization - Fasyankes).,10 Desember 2025,v2.0,,
10932,PractitionerRole.organization,Mandatory,Elemen PractitionerRole.organization wajib diisi.,10 Desember 2025,v2.0,,
10931,PractitionerRole.practitioner,Reference ke resource Practitioner (ID SATUSEHAT Practitioner),Referensi pada elemen PractitionerRole.practitioner harus mengarah ke resource resource Practitioner (ID SATUSEHAT Practitioner).,10 Desember 2025,v2.0,,
10931,PractitionerRole.practitioner,Mandatory,Elemen PractitionerRole.practitioner wajib diisi.,10 Desember 2025,v2.0,,
10934,PractitionerRole.specialty,http://snomed.info/sct,Nilai pada elemen PractitionerRole.specialty harus diisi menggunakan kode yang valid dari sistem terminologi http://snomed.info/sct.,10 Desember 2025,v2.0,,
10935,PractitionerRole.telecom.system,http://hl7.org/fhir/contact-point-system,Nilai pada elemen PractitionerRole.telecom.system harus sesuai dengan sistem http://hl7.org/fhir/contact-point-system.,10 Desember 2025,v2.0,,
10936,PractitionerRole.telecom.use,http://hl7.org/fhir/contact-point-use,Nilai pada elemen PractitionerRole.telecom.use harus sesuai dengan sistem http://hl7.org/fhir/contact-point-use.,10 Desember 2025,v2.0,,
10937,PractitionerRole.telecom.value,Tipe data string,Nilai pada elemen PractitionerRole.telecom.value harus berupa tipe data string.,10 Desember 2025,v2.0,,
10425,Procedure.basedOn,(CarePlan | ServiceRequest),Path Procedure.basedOn diisi dengan reference merujuk pada data (CarePlan | ServiceRequest) dengan nomor ID data terkait yang sudah dikirim sebelumnya,14 Maret 2024,v1.0,,
10016,Procedure.bodySite,http://snomed.info/sct,"Data harus menggunakan codesystem yang sesuai, lihat Dokumen Lampiran Standar Terminologi SATUSEHAT Lihat sub-bab Procedure.bodySite",14 Maret 2024,v1.0,,
10013,Procedure.category,http://snomed.info/sct,"Data harus menggunakan codesystem yang sesuai, lihat Dokumen Lampiran Standar Terminologi SATUSEHAT Lihat sub-bab Procedure.category",14 Maret 2024,v1.0,,
10013,Procedure.category,http://terminology.kemkes.go.id,"Data harus menggunakan codesystem yang sesuai, lihat Dokumen Lampiran Standar Terminologi SATUSEHAT Lihat sub-bab Procedure.category",10 Desember 2025,v2.0,,
10015,Procedure.code,http://hl7.org/fhir/sid/icd-9-cm,"Data harus menggunakan codesystem yang sesuai, lihat Dokumen Lampiran Standar Terminologi SATUSEHAT Lihat sub-bab Procedure.code",14 Maret 2024,v1.0,,
10015,Procedure.code,http://snomed.info/sct,"Data harus menggunakan codesystem yang sesuai, lihat Dokumen Lampiran Standar Terminologi SATUSEHAT Lihat sub-bab Procedure.code",14 Maret 2024,v1.0,,
10015,Procedure.code,http://terminology.kemkes.go.id/CodeSystem/clinical-term,"Data harus menggunakan codesystem yang sesuai, lihat Dokumen Lampiran Standar Terminologi SATUSEHAT Lihat sub-bab Procedure.code",14 Maret 2024,v1.0,,
10015,Procedure.code,http://terminology.kemkes.go.id,"Data harus menggunakan codesystem yang sesuai, lihat Dokumen Lampiran Standar Terminologi SATUSEHAT Lihat sub-bab Procedure.code ",10 Desember 2025,v2.0,,
10015,Procedure.code,http://terminology.kemkes.go.id/CodeSystem/kptl,"Data harus menggunakan codesystem yang sesuai, lihat Dokumen Lampiran Standar Terminologi SATUSEHAT Lihat sub-bab Procedure.code",10 Desember 2025,v2.0,,
10128,Procedure.encounter,not null,Data harus terisi (tidak boleh kosong),14 Maret 2024,v1.0,,
10442,Procedure.identifier,http://sys-ids.kemkes.go.id/procedure/{{org-id}} ,Data harus menggunakan codesystem http://sys-ids.kemkes.go.id/procedure/{{org-id}} dengan {{org-id}} adalah Organization ID faskes,14 Maret 2024,v1.0,,
10401,Procedure.performedPeriod.end,dateTime,Data harus menggunakan format datetime YYYY-MM-DDThh:mm:ss+00:00,14 Maret 2024,v1.0,,
10400,Procedure.performedPeriod.start,dateTime,Data harus menggunakan format datetime YYYY-MM-DDThh:mm:ss+00:00,14 Maret 2024,v1.0,,
10399,Procedure.performer,Practitioner,Path Procedure.performer diisi dengan reference merujuk pada data Practitioner dan {practitioner-ihs-number} adalah nomor ID tenaga kesehatan yang didapatkan dari Master Nakes Indeks.,14 Maret 2024,v1.0,,
10018,Procedure.reasonCode,http://hl7.org/fhir/sid/icd-10,"Data harus menggunakan codesystem yang sesuai, lihat Dokumen Lampiran Standar Terminologi SATUSEHAT Lihat sub-bab Procedure.reasonCode",14 Maret 2024,v1.0,,
10019,Procedure.status,http://hl7.org/fhir/event-status,"Data harus menggunakan codesystem yang sesuai, lihat Dokumen Lampiran Standar Terminologi SATUSEHAT Lihat sub-bab Procedure.status",14 Maret 2024,v1.0,,
10127,Procedure.subject,not null,Data harus terisi (tidak boleh kosong),14 Maret 2024,v1.0,,
10371,QuestionnaireResponse.author,(Device | Practitioner | PractitionerRole | Patient | RelatedPerson | Organization),Path QuestionnaireResponse.author wajib terisi dan merujuk pada resource (Device | Practitioner | PractitionerRole | Patient | RelatedPerson | Organization) yang sudah dikirim sebelumnya,14 Maret 2024,v1.0,,
10373,QuestionnaireResponse.authored ,datetime,Data harus menggunakan format datetime YYYY-MM-DDThh:mm:ss+00:00,14 Maret 2024,v1.0,,
10378,QuestionnaireResponse.encounter ,Encounter,Path QuestionnaireResponse.encounter wajib terisi dengan Reference yang merujuk pada data Encounter dan {id-resource-Encounter} adalah nomor ID Encounter yang didapatkan dari server ketika melakukan POST data encounter,14 Maret 2024,v1.0,,
10665,QuestionnaireResponse.item.answer.valueCoding,http://terminology.kemkes.go.id/CodeSystem/clinical-term,"Data harus menggunakan codesystem yang sesuai, lihat Dokumen Lampiran Standar Terminologi SATUSEHAT Lihat sub-bab QuestionnaireResponse.item.answer.valueCoding ",10 Desember 2025,v2.0,,
10665,QuestionnaireResponse.item.answer.valueCoding,http://terminology.hl7.org/CodeSystem/v3-ActCode,Nilai pada elemen QuestionnaireResponse.item.answer.valueCoding harus diisi menggunakan kode yang valid dari sistem terminologi http://terminology.hl7.org/CodeSystem/v3-ActCode.,10 Desember 2025,v2.0,,
10665,QuestionnaireResponse.item.answer.valueCoding,http://terminology.kemkes.go.id/CodeSystem/clinical-speciality,"Data harus menggunakan codesystem yang sesuai, lihat Dokumen Lampiran Standar Terminologi SATUSEHAT Lihat sub-bab QuestionnaireResponse.item.answer.valueCoding",10 Desember 2025,v2.0,,
10283,QuestionnaireResponse.item.item.answer.valueCoding,"http://snomed.info/sct
http://loinc.org
http://sys-ids.kemkes.go.id/administrative-area
http://terminology.kemkes.go.id/CodeSystem/clinical-speciality
http://terminology.kemkes.go.id/CodeSystem/clinical-term
http://terminology.kemkes.go.id/Codesystem/kpsp
http://terminology.kemkes.go.id/CodeSystem/prev-tb-treatment
http://terminology.kemkes.go.id/CodeSystem/tb-anatomical
http://terminology.kemkes.go.id/CodeSystem/tb-case-definition
http://terminology.kemkes.go.id/CodeSystem/tb-outcome-class","Data harus menggunakan codesystem yang sesuai, lihat Dokumen Lampiran Standar Terminologi SATUSEHAT Lihat sub-bab QuestionnaireResponse.item.item.answer.valueCoding",14 Maret 2024,v1.0,,
10863,QuestionnaireResponse.item.X.answer.item.X.answer.valueReference,Reference Any,Elemen QuestionnaireResponse.item.X.answer.item.X.answer.valueReference dapat mereferensikan resource FHIR yang valid.,10 Desember 2025,v2.0,,
10665,QuestionnaireResponse.item.X.answer.valueCoding,http://terminology.kemkes.go.id/CodeSystem/organization-type,"Data harus menggunakan codesystem yang sesuai, lihat Dokumen Lampiran Standar Terminologi SATUSEHAT Lihat sub-bab QuestionnaireResponse.item.X.answer.valueCoding",10 Desember 2025,v2.0,,
10169,QuestionnaireResponse.questionnaire,"https://fhir.kemkes.go.id/Questionnaire/Q0006
https://fhir.kemkes.go.id/Questionnaire/Q0007
https://fhir.kemkes.go.id/Questionnaire/Q0008
https://fhir.kemkes.go.id/Questionnaire/Q0011",,14 Maret 2024,v1.0,,
10169,QuestionnaireResponse.questionnaire,https://fhir.kemkes.go.id/Questionnaire/Q0023,Nilai pada elemen QuestionnaireResponse.questionnaire harus sesuai dengan sistem https://fhir.kemkes.go.id/Questionnaire/Q0023.,10 Desember 2025,v2.0,,
10372,QuestionnaireResponse.source,(Patient | Practitioner | PractitionerRole | RelatedPerson),Path QuestionnaireResponse.source wajib diisi dan merujuk pada resource (Patient | Practitioner | PractitionerRole | RelatedPerson) yang sudah dikirim sebelumnya,14 Maret 2024,v1.0,,
10112,QuestionnaireResponse.status,http://hl7.org/fhir/ValueSet/questionnaire-answers-status,"Data harus menggunakan codesystem yang sesuai, lihat Dokumen Lampiran Standar Terminologi SATUSEHAT Lihat sub-bab QuestionnaireResponse.status",14 Maret 2024,v1.0,,
10370,QuestionnaireResponse.subject,"""Patient/{patient-ihs-number}""",Path QuestionnaireResponse.subject wajib terisi dengan Reference yang merujuk pada data Patient dan {patient-ihs-number} adalah nomor ID Patient yang didapatkan dari Master Patient Index,14 Maret 2024,v1.0,,
10162,RelatedPerson.patient,not null,Data harus terisi (tidak boleh kosong),14 Maret 2024,v1.0,,
10711,RiskAssessment.code,http://snomed.info/sct,Nilai pada elemen RiskAssessment.code harus diisi menggunakan kode yang valid dari sistem terminologi http://snomed.info/sct.,10 Desember 2025,v2.0,,
10725,RiskAssessment.condition,Reference ke Condition,Referensi pada elemen RiskAssessment.condition harus mengarah ke resource Condition.,10 Desember 2025,v2.0,,
10727,RiskAssessment.encounter,Reference ke Encounter,Referensi pada elemen RiskAssessment.encounter harus mengarah ke resource Encounter.,10 Desember 2025,v2.0,,
10721,RiskAssessment.note.authorReference,Reference to Practitioner | Patient | Organization | RelatedPerson,Referensi pada elemen RiskAssessment.note.authorReference harus mengarah ke resource Practitioner | Patient | Organization | RelatedPerson.,10 Desember 2025,v2.0,,
10722,RiskAssessment.note.authorString,string,Nilai pada elemen RiskAssessment.note.authorString harus berupa tipe data string.,10 Desember 2025,v2.0,,
10724,RiskAssessment.note.text,string,Nilai pada elemen RiskAssessment.note.text harus berupa tipe data string.,10 Desember 2025,v2.0,,
10723,RiskAssessment.note.time,datetime,Data harus menggunakan format datetime YYYY-MM-DDThh:mm:ss+00:10,10 Desember 2025,v2.0,,
10847,RiskAssessment.performer,Reference,Elemen RiskAssessment.performer dapat mereferensikan resource FHIR yang valid.,10 Desember 2025,v2.0,,
10728,RiskAssessment.practitioner,Reference ke Practitioner,Referensi pada elemen RiskAssessment.practitioner harus mengarah ke resource Practitioner.,10 Desember 2025,v2.0,,
10713,RiskAssessment.prediction.outcome,http://snomed.info/sct,Nilai pada elemen RiskAssessment.prediction.outcome harus diisi menggunakan kode yang valid dari sistem terminologi http://snomed.info/sct.,10 Desember 2025,v2.0,,
10714,RiskAssessment.prediction.probabilityDecimal,decimal,Nilai pada elemen RiskAssessment.prediction.probabilityDecimal harus berupa tipe data decimal.,10 Desember 2025,v2.0,,
10715,RiskAssessment.prediction.qualitativeRisk,http://terminology.hl7.org/CodeSystem/risk-probability,Nilai pada elemen RiskAssessment.prediction.qualitativeRisk harus diisi menggunakan kode yang valid dari sistem terminologi http://terminology.hl7.org/CodeSystem/risk-probability.,10 Desember 2025,v2.0,,
10716,RiskAssessment.prediction.relativeRisk,decimal,Nilai pada elemen RiskAssessment.prediction.relativeRisk harus berupa tipe data decimal.,10 Desember 2025,v2.0,,
10718,RiskAssessment.prediction.whenPeriod.end,datetime,Data harus menggunakan format datetime YYYY-MM-DDThh:mm:ss+00:09,10 Desember 2025,v2.0,,
10717,RiskAssessment.prediction.whenPeriod.start,datetime,Data harus menggunakan format datetime YYYY-MM-DDThh:mm:ss+00:08,10 Desember 2025,v2.0,,
10719,RiskAssessment.prediction.whenRange.high.value,decimal,Nilai pada elemen RiskAssessment.prediction.whenRange.high.value harus berupa tipe data decimal.,10 Desember 2025,v2.0,,
10720,RiskAssessment.prediction.whenRange.low.value,decimal,Nilai pada elemen RiskAssessment.prediction.whenRange.low.value harus berupa tipe data decimal.,10 Desember 2025,v2.0,,
10712,RiskAssessment.reasonReference,Reference ke Condition |,Referensi pada elemen RiskAssessment.reasonReference harus mengarah ke resource Condition |.,10 Desember 2025,v2.0,,
10710,RiskAssessment.status,http://hl7.org/fhir/observation-status,Nilai pada elemen RiskAssessment.status harus sesuai dengan sistem http://hl7.org/fhir/observation-status.,10 Desember 2025,v2.0,,
10726,RiskAssessment.subject,Reference ke Patient |,Referensi pada elemen RiskAssessment.subject harus mengarah ke resource Patient |.,10 Desember 2025,v2.0,,
10361,ServiceRequest.authoredOn,dateTime,Data harus menggunakan format datetime YYYY-MM-DDThh:mm:ss+00:00,14 Maret 2024,v1.0,,
10059,ServiceRequest.bodySite,http://snomed.info/sct,Data harus menggunakan Kode dapat diisi dengan kode SNOMED-CT. Ruang lingkup kode SNOMED CT versi Desember 2022 yang dapat dipakai : Expression Constraint Language (ECL) Query : < 123037004 |Body structure (body structure)|,14 Maret 2024,v1.0,,
10462,ServiceRequest.category,http://terminology.kemkes.go.id,"Data harus menggunakan codesystem yang sesuai, lihat Dokumen Lampiran Standar Terminologi SATUSEHAT Lihat sub-bab ServiceRequest.category",10 Desember 2025,v2.0,,
10060,ServiceRequest.code,http://hl7.org/fhir/sid/icd-9-cm,"Data harus menggunakan Kode ICD-9 CM untuk tindakan atau prosedur medis untuk keperluan klaim, lihat Dokumen Lampiran Standar Terminologi SATUSEHAT sub-bab ServiceRequest.code",14 Maret 2024,v1.0,,
10060,ServiceRequest.code,http://loinc.org,Data harus menggunakan terminologi LOINC yang sesuai dengan use-case terkait. Akses playbook secara lengkap disini.,14 Maret 2024,v1.0,,
10060,ServiceRequest.code,http://snomed.info/sct,"Data harus menggunakan Kode dapat diisi dengan kode SNOMED-CT. Ruang lingkup kode SNOMED CT yang dapat dipakai :
Expression Constraint Language (ECL) Query : < 71388002 |Procedure (procedure)|",14 Maret 2024,v1.0,,
10060,ServiceRequest.code,http://terminology.kemkes.go.id/CodeSystem/examination,"Data harus menggunakan codesystem yang sesuai, lihat Dokumen Lampiran Standar Terminologi SATUSEHAT Lihat sub-bab ServiceRequest.code",14 Maret 2024,v1.0,,
already exists,ServiceRequest.code,http://terminology.kemkes.go.id/CodeSystem/examination,"Data harus menggunakan codesystem yang sesuai, lihat Dokumen Lampiran Standar Terminologi SATUSEHAT Lihat sub-bab ServiceRequest.code",14 Maret 2024,v1.0,,
10142,ServiceRequest.encounter,not null,Data harus terisi (tidak boleh kosong),14 Maret 2024,v1.0,,
10415,ServiceRequest.identifier,http://sys-ids.kemkes.go.id/servicerequest/{{organization-ihs-number}},Data harus menggunakan codesystem http://sys-ids.kemkes.go.id/servicerequest/{{organization-ihs-number}} dengan {{organization-ihs-number}} adalah Organization ID faskes,14 Maret 2024,v1.0,,
10415,ServiceRequest.identifier.system,http://sys-ids.kemkes.go.id/sitb/{{org-id}} ,Data harus menggunakan codesystem http://sys-ids.kemkes.go.id/sitb/{{org-id}}  dengan {{org-id}} adalah Organization ID faskes,14 Maret 2024,v1.0,,
10063,ServiceRequest.intent,http://hl7.org/fhir/request-intent,"Data harus menggunakan codesystem yang sesuai, lihat Dokumen Lampiran Standar Terminologi SATUSEHAT Lihat sub-bab ServiceRequest.intent",14 Maret 2024,v1.0,,
10067,ServiceRequest.locationCode,http://terminology.hl7.org/CodeSystem/v3-RoleCode,"Data harus menggunakan codesystem yang sesuai, lihat Dokumen Lampiran Standar Terminologi SATUSEHAT Lihat sub-bab ServiceRequest.locationCode",14 Maret 2024,v1.0,,
10431,ServiceRequest.locationReference,Location/{{location-id}},Path ServiceRequest.locationReference diisi dengan Reference merujuk pada data Location dengan Location/{{location-id}} adalah ID lokasi yang sudah dikirim sebelumnya,14 Maret 2024,v1.0,,
10360,ServiceRequest.occurrenceDateTime,dateTime,Data harus menggunakan format datetime YYYY-MM-DDThh:mm:ss+00:00,14 Maret 2024,v1.0,,
10427,ServiceRequest.orderDetail,"http://dicom.nema.org/resources/ontology/DCM
http://sys-ids.kemkes.go.id/ae-title
http://snomed.info/sct","Data harus menggunakan codesystem yang sesuai, lihat Dokumen Lampiran Standar Terminologi SATUSEHAT Lihat sub-bab ServiceRequest.orderDetail",14 Maret 2024,v1.0,,
10377,ServiceRequest.performer ,Practitioner/{practitioner-ihs-number},"Path ServiceRequest.performer  diisi dengan Reference merujuk pada data Practitioner dengan {practitioner-ihs-number} adalah ID Nakes organisasi induk yang didapatkan dari master Nakes indeks.
",14 Maret 2024,v1.0,,
10066,ServiceRequest.priority,http://hl7.org/fhir/request-priority,"Data harus menggunakan codesystem yang sesuai, lihat Dokumen Lampiran Standar Terminologi SATUSEHAT Lihat sub-bab ServiceRequest.priority",14 Maret 2024,v1.0,,
10064,ServiceRequest.reasonCode,http://hl7.org/fhir/sid/icd-10,"Data harus menggunakan Kode dapat diisi dengan kode ICD-10 versi 2010, lihat Dokumen Lampiran Standar Terminologi SATUSEHAT sub-bab ServiceRequest.reasonCode",14 Maret 2024,v1.0,,
10064,ServiceRequest.reasonCode,http://hl7.org/fhir/sid/icd-9-cm,"Data harus menggunakan Kode ICD-9 CM untuk tindakan atau prosedur medis untuk keperluan klaim, lihat Dokumen Lampiran Standar Terminologi SATUSEHAT sub-bab ServiceRequest.reasonCode",14 Maret 2024,v1.0,,
10064,ServiceRequest.reasonCode.coding,http://snomed.info/sct,Nilai pada elemen ServiceRequest.reasonCode.coding harus diisi menggunakan kode yang valid dari sistem terminologi http://snomed.info/sct.,10 Desember 2025,v2.0,,
10376,ServiceRequest.requester ,Practitioner/{practitioner-ihs-number},"Path ServiceRequest.performer  diisi dengan Reference merujuk pada data Practitioner dengan {practitioner-ihs-number} adalah ID Nakes organisasi induk yang didapatkan dari master Nakes indeks.
",14 Maret 2024,v1.0,,
10065,ServiceRequest.status,http://hl7.org/fhir/request-status,"Data harus menggunakan codesystem yang sesuai, lihat Dokumen Lampiran Standar Terminologi SATUSEHAT Lihat sub-bab ServiceRequest.status",14 Maret 2024,v1.0,,
10065,ServiceRequest.status,not null,Data harus terisi (tidak boleh kosong),14 Maret 2024,v1.0,,
10141,ServiceRequest.subject,not null,Data harus terisi (tidak boleh kosong),14 Maret 2024,v1.0,,
10680,Specimen.collection.bodySite,http://snomed.info/sct,Nilai pada elemen Specimen.collection.bodySite harus diisi menggunakan kode yang valid dari sistem terminologi http://snomed.info/sct.,10 Desember 2025,v2.0,,
10362,Specimen.collection.collectedDateTime,dateTime,Data harus menggunakan format datetime YYYY-MM-DDThh:mm:ss+00:00,14 Maret 2024,v1.0,,
10396,Specimen.collection.collector,(Practitioner | PractitionerRole),Path Specimen.collection.collector diisi dengan reference yang merujuk pada resource (Practitioner | PractitionerRole) yang sudah dikirim sebelumnya,14 Maret 2024,v1.0,,
10363,Specimen.collection.fastingStatusCodeableConcept.coding,http://terminology.hl7.org/CodeSystem/v2-0916,"Data harus menggunakan codesystem yang sesuai, lihat Dokumen Lampiran Standar Terminologi SATUSEHAT Lihat sub-bab Specimen.collection.fastingStatusCodeableConcept",14 Maret 2024,v1.0,,
10068,Specimen.collection.method,http://snomed.info/sct,"Data harus menggunakan codesystem yang sesuai, lihat Dokumen Lampiran Standar Terminologi SATUSEHAT Lihat sub-bab Specimen.collection.method",14 Maret 2024,v1.0,,
10364,Specimen.collection.quantity.value,"data numerik, contoh: 1, 60,dst. tidak bisa (-)","Data input harus numerik dan tidak bisa diisi ""-""",14 Maret 2024,v1.0,,
10679,Specimen.container.type,http://snomed.info/sct,Nilai pada elemen Specimen.container.type harus diisi menggunakan kode yang valid dari sistem terminologi http://snomed.info/sct.,10 Desember 2025,v2.0,,
10367,Specimen.extension.valueDateTime,dateTime,Data harus menggunakan format datetime YYYY-MM-DDThh:mm:ss+00:00,14 Maret 2024,v1.0,,
10395,Specimen.identifier.assigner ,Organization,Path Specimen.identifier.assigner diisi dengan reference yang merujuk pada data Organization dan {{org-id}} adalah Organization ID faskes,14 Maret 2024,v1.0,,
10414,Specimen.identifier.system,http://sys-ids.kemkes.go.id/sitb/{{org-id}} ,Data harus menggunakan codesystem http://sys-ids.kemkes.go.id/sitb/{{org-id}}  dengan {{org-id}} adalah Organization ID faskes,14 Maret 2024,v1.0,,
10365,Specimen.processing.timeDateTime,dateTime,Data harus menggunakan format datetime YYYY-MM-DDThh:mm:ss+00:00,14 Maret 2024,v1.0,,
10366,Specimen.receivedTime,dateTime,Data harus menggunakan format datetime YYYY-MM-DDThh:mm:ss+00:00,14 Maret 2024,v1.0,,
10440,Specimen.request,ServiceRequest,Path Specimen.request wajib dikirim dan merujuk pada resource ServiceRequest yang sudah dikirim sebelumnya,14 Maret 2024,v1.0,,
10069,Specimen.status,http://hl7.org/fhir/specimen-status,"Data harus menggunakan codesystem yang sesuai, lihat Dokumen Lampiran Standar Terminologi SATUSEHAT Lihat sub-bab Specimen.status",14 Maret 2024,v1.0,,
10143,Specimen.subject,not null,Data harus terisi (tidak boleh kosong),14 Maret 2024,v1.0,,
10070,Specimen.type,"http://terminology.kemkes.go.id/CodeSystem/clinical-term
http://snomed.info/sct","Data harus menggunakan codesystem yang sesuai, lihat Dokumen Lampiran Standar Terminologi SATUSEHAT Lihat sub-bab Specimen.type",14 Maret 2024,v1.0,,
10683,VisionPrescription.dateTime,dateTime,Data harus menggunakan format datetime YYYY-MM-DDThh:mm:ss+00:06,10 Desember 2025,v2.0,,
10686,VisionPrescription.dateWritten,dateTime,Data harus menggunakan format datetime YYYY-MM-DDThh:mm:ss+00:07,10 Desember 2025,v2.0,,
10685,VisionPrescription.encounter,Reference ke Encounter dan not null,Referensi pada elemen VisionPrescription.encounter harus mengarah ke resource Encounter dan not null.,10 Desember 2025,v2.0,,
10692,VisionPrescription.lensSpecification.axis,integer,Nilai pada elemen VisionPrescription.lensSpecification.axis harus berupa tipe data integer.,10 Desember 2025,v2.0,,
10691,VisionPrescription.lensSpecification.cylinder,decimal,Nilai pada elemen VisionPrescription.lensSpecification.cylinder harus berupa tipe data decimal.,10 Desember 2025,v2.0,,
10689,VisionPrescription.lensSpecification.eye,http://hl7.org/fhir/vision-eye-codes,Nilai pada elemen VisionPrescription.lensSpecification.eye harus sesuai dengan sistem http://hl7.org/fhir/vision-eye-codes.,10 Desember 2025,v2.0,,
10693,VisionPrescription.lensSpecification.prism.amount,decimal,Nilai pada elemen VisionPrescription.lensSpecification.prism.amount harus berupa tipe data decimal.,10 Desember 2025,v2.0,,
10694,VisionPrescription.lensSpecification.prism.base,http://hl7.org/fhir/vision-base-codes,Nilai pada elemen VisionPrescription.lensSpecification.prism.base harus sesuai dengan sistem http://hl7.org/fhir/vision-base-codes.,10 Desember 2025,v2.0,,
10688,VisionPrescription.lensSpecification.product,http://terminology.hl7.org/CodeSystem/ex-visionprescriptionproduct,Nilai pada elemen VisionPrescription.lensSpecification.product harus diisi menggunakan kode yang valid dari sistem terminologi http://terminology.hl7.org/CodeSystem/ex-visionprescriptionproduct.,10 Desember 2025,v2.0,,
10690,VisionPrescription.lensSpecification.sphere,decimal,Nilai pada elemen VisionPrescription.lensSpecification.sphere harus berupa tipe data decimal.,10 Desember 2025,v2.0,,
10684,VisionPrescription.patient,Reference ke Patient,Referensi pada elemen VisionPrescription.patient harus mengarah ke resource Patient.,10 Desember 2025,v2.0,,
10687,VisionPrescription.prescriber,Reference ke Practitioner,Referensi pada elemen VisionPrescription.prescriber harus mengarah ke resource Practitioner.,10 Desember 2025,v2.0,,
10682,VisionPrescription.status,http://hl7.org/fhir/fm-status,Nilai pada elemen VisionPrescription.status harus sesuai dengan sistem http://hl7.org/fhir/fm-status.,10 Desember 2025,v2.0,,
10615,Procedure.usedReference,Reference ke Medication,,10 Desember 2025,v2.0,,